bin-0,0,5100,13100,-1,-1,56,-1,-1,-1
bin-1,0,5150,13100,-1,-1,56,-1,-1,-1
bin-2,0,5200,13100,-1,-1,56,-1,-1,-1
bin-3,0,5250,13100,-1,-1,56,-1,-1,-1
bin-4,0,5300,13100,-1,-1,56,-1,-1,-1
bin-5,0,5350,13100,-1,-1,56,-1,-1,-1
bin-6,0,5400,13100,-1,-1,56,-1,-1,-1
bin-7,0,5450,13100,-1,-1,56,-1,-1,-1
bin-8,0,5500,13100,-1,-1,56,-1,-1,-1
bin-9,0,5550,13100,-1,-1,56,-1,-1,-1
bin-10,0,5600,13100,-1,-1,56,-1,-1,-1
bin-11,0,5650,13100,-1,-1,56,-1,-1,-1
bin-12,0,5700,13100,-1,-1,56,-1,-1,-1
bin-13,0,5750,13100,-1,-1,56,-1,-1,-1
bin-14,0,5800,13100,-1,-1,56,-1,-1,-1
bin-15,0,5850,13100,-1,-1,56,-1,-1,-1
bin-16,0,5900,13100,-1,-1,56,-1,-1,-1
bin-17,1,5950,13100,-1,-1,56,-1,-1,-1
bin-18,1,6000,13100,-1,-1,56,-1,-1,-1
bin-19,1,6050,13100,-1,-1,56,-1,-1,-1
bin-20,1,6100,13100,-1,-1,56,-1,-1,-1
bin-21,1,6150,13100,-1,-1,56,-1,-1,-1
bin-22,1,6200,13100,-1,-1,56,-1,-1,-1
bin-23,1,6250,13100,-1,-1,56,-1,-1,-1
bin-24,1,6300,13100,-1,-1,56,-1,-1,-1
bin-25,1,6350,13100,-1,-1,56,-1,-1,-1
bin-26,1,6400,13100,-1,-1,56,-1,-1,-1
bin-27,1,6450,13100,-1,-1,56,-1,-1,-1
bin-28,1,6500,13100,-1,-1,56,-1,-1,-1
bin-29,1,6550,13100,-1,-1,56,-1,-1,-1
bin-30,0,6600,13100,-1,-1,56,-1,-1,-1
bin-31,0,6650,13100,-1,-1,56,-1,-1,-1
bin-32,0,6700,13100,-1,-1,56,-1,-1,-1
bin-33,0,6750,13100,-1,-1,56,-1,-1,-1
bin-34,0,6800,13100,-1,-1,56,-1,-1,-1
bin-35,0,6850,13100,-1,-1,56,-1,-1,-1
bin-36,0,6900,13100,-1,-1,56,-1,-1,-1
bin-37,0,6950,13100,-1,-1,56,-1,-1,-1
bin-38,0,7000,13100,-1,-1,56,-1,-1,-1
bin-39,0,7050,13100,-1,-1,56,-1,-1,-1
bin-40,0,7100,13100,-1,-1,56,-1,-1,-1
bin-41,0,7150,13100,-1,-1,56,-1,-1,-1
bin-42,0,7200,13100,-1,-1,56,-1,-1,-1
bin-43,0,7250,13100,-1,-1,56,-1,-1,-1
bin-44,0,7300,13100,-1,-1,56,-1,-1,-1
bin-45,0,7350,13100,-1,-1,56,-1,-1,-1
bin-46,0,5100,13150,-1,-1,56,-1,-1,-1
bin-47,0,5150,13150,-1,-1,56,-1,-1,-1
bin-48,0,5200,13150,-1,-1,56,-1,-1,-1
bin-49,0,5250,13150,-1,-1,56,-1,-1,-1
bin-50,0,5300,13150,-1,-1,56,-1,-1,-1
bin-51,0,5350,13150,-1,-1,56,-1,-1,-1
bin-52,0,5400,13150,-1,-1,56,-1,-1,-1
bin-53,0,5450,13150,-1,-1,56,-1,-1,-1
bin-54,0,5500,13150,-1,-1,56,-1,-1,-1
bin-55,0,5550,13150,-1,-1,56,-1,-1,-1
bin-56,0,5600,13150,-1,-1,56,-1,-1,-1
bin-57,0,5650,13150,-1,-1,56,-1,-1,-1
bin-58,0,5700,13150,-1,-1,56,-1,-1,-1
bin-59,0,5750,13150,-1,-1,56,-1,-1,-1
bin-60,0,5800,13150,-1,-1,56,-1,-1,-1
bin-61,1,5850,13150,-1,-1,56,-1,-1,-1
bin-62,1,5900,13150,-1,-1,56,-1,-1,-1
bin-63,1,5950,13150,-1,-1,56,-1,-1,-1
bin-64,1,6000,13150,-1,-1,56,-1,-1,-1
bin-65,1,6050,13150,-1,-1,56,-1,-1,-1
bin-66,1,6100,13150,-1,-1,56,-1,-1,-1
bin-67,1,6150,13150,-1,-1,56,-1,-1,-1
bin-68,1,6200,13150,-1,-1,56,-1,-1,-1
bin-69,1,6250,13150,-1,-1,56,-1,-1,-1
bin-70,1,6300,13150,-1,-1,56,-1,-1,-1
bin-71,1,6350,13150,-1,-1,56,-1,-1,-1
bin-72,1,6400,13150,-1,-1,56,-1,-1,-1
bin-73,1,6450,13150,-1,-1,56,-1,-1,-1
bin-74,1,6500,13150,-1,-1,56,-1,-1,-1
bin-75,1,6550,13150,-1,-1,56,-1,-1,-1
bin-76,1,6600,13150,-1,-1,56,-1,-1,-1
bin-77,1,6650,13150,-1,-1,56,-1,-1,-1
bin-78,0,6700,13150,-1,-1,56,-1,-1,-1
bin-79,0,6750,13150,-1,-1,56,-1,-1,-1
bin-80,0,6800,13150,-1,-1,56,-1,-1,-1
bin-81,0,6850,13150,-1,-1,56,-1,-1,-1
bin-82,0,6900,13150,-1,-1,56,-1,-1,-1
bin-83,0,6950,13150,-1,-1,56,-1,-1,-1
bin-84,0,7000,13150,-1,-1,56,-1,-1,-1
bin-85,0,7050,13150,-1,-1,56,-1,-1,-1
bin-86,0,7100,13150,-1,-1,56,-1,-1,-1
bin-87,0,7150,13150,-1,-1,56,-1,-1,-1
bin-88,0,7200,13150,-1,-1,56,-1,-1,-1
bin-89,0,7250,13150,-1,-1,56,-1,-1,-1
bin-90,0,7300,13150,-1,-1,56,-1,-1,-1
bin-91,0,7350,13150,-1,-1,56,-1,-1,-1
bin-92,0,5100,13200,-1,-1,56,-1,-1,-1
bin-93,0,5150,13200,-1,-1,56,-1,-1,-1
bin-94,0,5200,13200,-1,-1,56,-1,-1,-1
bin-95,0,5250,13200,-1,-1,56,-1,-1,-1
bin-96,0,5300,13200,-1,-1,56,-1,-1,-1
bin-97,0,5350,13200,-1,-1,56,-1,-1,-1
bin-98,0,5400,13200,-1,-1,56,-1,-1,-1
bin-99,0,5450,13200,-1,-1,56,-1,-1,-1
bin-100,0,5500,13200,-1,-1,56,-1,-1,-1
bin-101,0,5550,13200,-1,-1,56,-1,-1,-1
bin-102,0,5600,13200,-1,-1,56,-1,-1,-1
bin-103,0,5650,13200,-1,-1,56,-1,-1,-1
bin-104,0,5700,13200,-1,-1,56,-1,-1,-1
bin-105,1,5750,13200,-1,-1,56,-1,-1,-1
bin-106,1,5800,13200,-1,-1,56,-1,-1,-1
bin-107,1,5850,13200,-1,-1,56,-1,-1,-1
bin-108,1,5900,13200,-1,-1,56,-1,-1,-1
bin-109,1,5950,13200,-1,-1,56,-1,-1,-1
bin-110,1,6000,13200,-1,-1,56,-1,-1,-1
bin-111,1,6050,13200,-1,-1,56,-1,-1,-1
bin-112,1,6100,13200,-1,-1,56,-1,-1,-1
bin-113,1,6150,13200,-1,-1,56,-1,-1,-1
bin-114,1,6200,13200,-1,-1,56,-1,-1,-1
bin-115,1,6250,13200,-1,-1,56,-1,-1,-1
bin-116,1,6300,13200,-1,-1,56,-1,-1,-1
bin-117,1,6350,13200,-1,-1,56,-1,-1,-1
bin-118,1,6400,13200,-1,-1,56,-1,-1,-1
bin-119,1,6450,13200,-1,-1,56,-1,-1,-1
bin-120,1,6500,13200,-1,-1,56,-1,-1,-1
bin-121,1,6550,13200,-1,-1,56,-1,-1,-1
bin-122,1,6600,13200,-1,-1,56,-1,-1,-1
bin-123,1,6650,13200,-1,-1,56,-1,-1,-1
bin-124,1,6700,13200,-1,-1,56,-1,-1,-1
bin-125,1,6750,13200,-1,-1,56,-1,-1,-1
bin-126,0,6800,13200,-1,-1,56,-1,-1,-1
bin-127,0,6850,13200,-1,-1,56,-1,-1,-1
bin-128,0,6900,13200,-1,-1,56,-1,-1,-1
bin-129,0,6950,13200,-1,-1,56,-1,-1,-1
bin-130,0,7000,13200,-1,-1,56,-1,-1,-1
bin-131,0,7050,13200,-1,-1,56,-1,-1,-1
bin-132,0,7100,13200,-1,-1,56,-1,-1,-1
bin-133,0,7150,13200,-1,-1,56,-1,-1,-1
bin-134,0,7200,13200,-1,-1,56,-1,-1,-1
bin-135,0,7250,13200,-1,-1,56,-1,-1,-1
bin-136,0,7300,13200,-1,-1,56,-1,-1,-1
bin-137,0,7350,13200,-1,-1,56,-1,-1,-1
bin-138,0,5100,13250,-1,-1,56,-1,-1,-1
bin-139,0,5150,13250,-1,-1,56,-1,-1,-1
bin-140,0,5200,13250,-1,-1,56,-1,-1,-1
bin-141,0,5250,13250,-1,-1,56,-1,-1,-1
bin-142,0,5300,13250,-1,-1,56,-1,-1,-1
bin-143,0,5350,13250,-1,-1,56,-1,-1,-1
bin-144,0,5400,13250,-1,-1,56,-1,-1,-1
bin-145,0,5450,13250,-1,-1,56,-1,-1,-1
bin-146,0,5500,13250,-1,-1,56,-1,-1,-1
bin-147,0,5550,13250,-1,-1,56,-1,-1,-1
bin-148,0,5600,13250,-1,-1,56,-1,-1,-1
bin-149,1,5650,13250,-1,-1,56,-1,-1,-1
bin-150,1,5700,13250,-1,-1,56,-1,-1,-1
bin-151,1,5750,13250,-1,-1,56,-1,-1,-1
bin-152,1,5800,13250,-1,-1,56,-1,-1,-1
bin-153,1,5850,13250,-1,-1,56,-1,-1,-1
bin-154,1,5900,13250,-1,-1,56,-1,-1,-1
bin-155,1,5950,13250,-1,-1,56,-1,-1,-1
bin-156,1,6000,13250,-1,-1,56,-1,-1,-1
bin-157,1,6050,13250,-1,-1,56,-1,-1,-1
bin-158,1,6100,13250,-1,-1,56,-1,-1,-1
bin-159,1,6150,13250,-1,-1,56,-1,-1,-1
bin-160,1,6200,13250,-1,-1,56,-1,-1,-1
bin-161,1,6250,13250,-1,-1,56,-1,-1,-1
bin-162,1,6300,13250,-1,-1,56,-1,-1,-1
bin-163,1,6350,13250,-1,-1,56,-1,-1,-1
bin-164,1,6400,13250,-1,-1,56,-1,-1,-1
bin-165,1,6450,13250,-1,-1,56,-1,-1,-1
bin-166,1,6500,13250,-1,-1,56,-1,-1,-1
bin-167,1,6550,13250,-1,-1,56,-1,-1,-1
bin-168,1,6600,13250,-1,-1,56,-1,-1,-1
bin-169,1,6650,13250,-1,-1,56,-1,-1,-1
bin-170,1,6700,13250,-1,-1,56,-1,-1,-1
bin-171,1,6750,13250,-1,-1,56,-1,-1,-1
bin-172,0,6800,13250,-1,-1,56,-1,-1,-1
bin-173,0,6850,13250,-1,-1,56,-1,-1,-1
bin-174,0,6900,13250,-1,-1,56,-1,-1,-1
bin-175,0,6950,13250,-1,-1,56,-1,-1,-1
bin-176,0,7000,13250,-1,-1,56,-1,-1,-1
bin-177,0,7050,13250,-1,-1,56,-1,-1,-1
bin-178,0,7100,13250,-1,-1,56,-1,-1,-1
bin-179,0,7150,13250,-1,-1,56,-1,-1,-1
bin-180,0,7200,13250,-1,-1,56,-1,-1,-1
bin-181,0,7250,13250,-1,-1,56,-1,-1,-1
bin-182,0,7300,13250,-1,-1,56,-1,-1,-1
bin-183,0,7350,13250,-1,-1,56,-1,-1,-1
bin-184,0,5100,13300,-1,-1,56,-1,-1,-1
bin-185,0,5150,13300,-1,-1,56,-1,-1,-1
bin-186,0,5200,13300,-1,-1,56,-1,-1,-1
bin-187,0,5250,13300,-1,-1,56,-1,-1,-1
bin-188,0,5300,13300,-1,-1,56,-1,-1,-1
bin-189,0,5350,13300,-1,-1,56,-1,-1,-1
bin-190,0,5400,13300,-1,-1,56,-1,-1,-1
bin-191,0,5450,13300,-1,-1,56,-1,-1,-1
bin-192,0,5500,13300,-1,-1,56,-1,-1,-1
bin-193,0,5550,13300,-1,-1,56,-1,-1,-1
bin-194,1,5600,13300,-1,-1,56,-1,-1,-1
bin-195,1,5650,13300,-1,-1,56,-1,-1,-1
bin-196,1,5700,13300,-1,-1,56,-1,-1,-1
bin-197,1,5750,13300,-1,-1,56,-1,-1,-1
bin-198,1,5800,13300,-1,-1,56,-1,-1,-1
bin-199,1,5850,13300,-1,-1,56,-1,-1,-1
bin-200,1,5900,13300,-1,-1,56,-1,-1,-1
bin-201,1,5950,13300,-1,-1,56,-1,-1,-1
bin-202,1,6000,13300,-1,-1,56,-1,-1,-1
bin-203,1,6050,13300,-1,-1,56,-1,-1,-1
bin-204,1,6100,13300,-1,-1,56,-1,-1,-1
bin-205,1,6150,13300,-1,-1,56,-1,-1,-1
bin-206,1,6200,13300,-1,-1,56,-1,-1,-1
bin-207,1,6250,13300,-1,-1,56,-1,-1,-1
bin-208,1,6300,13300,-1,-1,56,-1,-1,-1
bin-209,1,6350,13300,-1,-1,56,-1,-1,-1
bin-210,1,6400,13300,-1,-1,56,-1,-1,-1
bin-211,1,6450,13300,-1,-1,56,-1,-1,-1
bin-212,1,6500,13300,-1,-1,56,-1,-1,-1
bin-213,1,6550,13300,-1,-1,56,-1,-1,-1
bin-214,1,6600,13300,-1,-1,56,-1,-1,-1
bin-215,1,6650,13300,-1,-1,56,-1,-1,-1
bin-216,1,6700,13300,-1,-1,56,-1,-1,-1
bin-217,1,6750,13300,-1,-1,56,-1,-1,-1
bin-218,1,6800,13300,-1,-1,56,-1,-1,-1
bin-219,0,6850,13300,-1,-1,56,-1,-1,-1
bin-220,0,6900,13300,-1,-1,56,-1,-1,-1
bin-221,0,6950,13300,-1,-1,56,-1,-1,-1
bin-222,0,7000,13300,-1,-1,56,-1,-1,-1
bin-223,0,7050,13300,-1,-1,56,-1,-1,-1
bin-224,0,7100,13300,-1,-1,56,-1,-1,-1
bin-225,0,7150,13300,-1,-1,56,-1,-1,-1
bin-226,0,7200,13300,-1,-1,56,-1,-1,-1
bin-227,0,7250,13300,-1,-1,56,-1,-1,-1
bin-228,0,7300,13300,-1,-1,56,-1,-1,-1
bin-229,0,7350,13300,-1,-1,56,-1,-1,-1
bin-230,0,5100,13350,-1,-1,56,-1,-1,-1
bin-231,0,5150,13350,-1,-1,56,-1,-1,-1
bin-232,0,5200,13350,-1,-1,56,-1,-1,-1
bin-233,0,5250,13350,-1,-1,56,-1,-1,-1
bin-234,0,5300,13350,-1,-1,56,-1,-1,-1
bin-235,0,5350,13350,-1,-1,56,-1,-1,-1
bin-236,0,5400,13350,-1,-1,56,-1,-1,-1
bin-237,0,5450,13350,-1,-1,56,-1,-1,-1
bin-238,1,5500,13350,-1,-1,56,-1,-1,-1
bin-239,1,5550,13350,-1,-1,56,-1,-1,-1
bin-240,1,5600,13350,-1,-1,56,-1,-1,-1
bin-241,1,5650,13350,-1,-1,56,-1,-1,-1
bin-242,1,5700,13350,-1,-1,56,-1,-1,-1
bin-243,1,5750,13350,-1,-1,56,-1,-1,-1
bin-244,1,5800,13350,-1,-1,56,-1,-1,-1
bin-245,1,5850,13350,-1,-1,56,-1,-1,-1
bin-246,1,5900,13350,-1,-1,56,-1,-1,-1
bin-247,1,5950,13350,-1,-1,56,-1,-1,-1
bin-248,1,6000,13350,-1,-1,56,-1,-1,-1
bin-249,1,6050,13350,-1,-1,56,-1,-1,-1
bin-250,1,6100,13350,-1,-1,56,-1,-1,-1
bin-251,1,6150,13350,-1,-1,56,-1,-1,-1
bin-252,1,6200,13350,-1,-1,56,-1,-1,-1
bin-253,1,6250,13350,-1,-1,56,-1,-1,-1
bin-254,1,6300,13350,-1,-1,56,-1,-1,-1
bin-255,1,6350,13350,-1,-1,56,-1,-1,-1
bin-256,1,6400,13350,-1,-1,56,-1,-1,-1
bin-257,1,6450,13350,-1,-1,56,-1,-1,-1
bin-258,1,6500,13350,-1,-1,56,-1,-1,-1
bin-259,1,6550,13350,-1,-1,56,-1,-1,-1
bin-260,1,6600,13350,-1,-1,56,-1,-1,-1
bin-261,1,6650,13350,-1,-1,56,-1,-1,-1
bin-262,1,6700,13350,-1,-1,56,-1,-1,-1
bin-263,1,6750,13350,-1,-1,56,-1,-1,-1
bin-264,1,6800,13350,-1,-1,56,-1,-1,-1
bin-265,0,6850,13350,-1,-1,56,-1,-1,-1
bin-266,1,6900,13350,-1,-1,56,-1,-1,-1
bin-267,1,6950,13350,-1,-1,56,-1,-1,-1
bin-268,1,7000,13350,-1,-1,56,-1,-1,-1
bin-269,1,7050,13350,-1,-1,56,-1,-1,-1
bin-270,1,7100,13350,-1,-1,56,-1,-1,-1
bin-271,1,7150,13350,-1,-1,56,-1,-1,-1
bin-272,0,7200,13350,-1,-1,56,-1,-1,-1
bin-273,0,7250,13350,-1,-1,56,-1,-1,-1
bin-274,0,7300,13350,-1,-1,56,-1,-1,-1
bin-275,0,7350,13350,-1,-1,56,-1,-1,-1
bin-276,0,5100,13400,-1,-1,56,-1,-1,-1
bin-277,0,5150,13400,-1,-1,56,-1,-1,-1
bin-278,0,5200,13400,-1,-1,56,-1,-1,-1
bin-279,0,5250,13400,-1,-1,56,-1,-1,-1
bin-280,0,5300,13400,-1,-1,56,-1,-1,-1
bin-281,0,5350,13400,-1,-1,56,-1,-1,-1
bin-282,0,5400,13400,-1,-1,56,-1,-1,-1
bin-283,1,5450,13400,-1,-1,56,-1,-1,-1
bin-284,1,5500,13400,-1,-1,56,-1,-1,-1
bin-285,1,5550,13400,-1,-1,56,-1,-1,-1
bin-286,1,5600,13400,-1,-1,56,-1,-1,-1
bin-287,1,5650,13400,-1,-1,56,-1,-1,-1
bin-288,1,5700,13400,-1,-1,56,-1,-1,-1
bin-289,1,5750,13400,-1,-1,56,-1,-1,-1
bin-290,1,5800,13400,-1,-1,56,-1,-1,-1
bin-291,1,5850,13400,-1,-1,56,-1,-1,-1
bin-292,1,5900,13400,-1,-1,56,-1,-1,-1
bin-293,1,5950,13400,-1,-1,56,-1,-1,-1
bin-294,1,6000,13400,-1,-1,56,-1,-1,-1
bin-295,1,6050,13400,-1,-1,56,-1,-1,-1
bin-296,1,6100,13400,-1,-1,56,-1,-1,-1
bin-297,1,6150,13400,-1,-1,56,-1,-1,-1
bin-298,1,6200,13400,-1,-1,56,-1,-1,-1
bin-299,1,6250,13400,-1,-1,56,-1,-1,-1
bin-300,1,6300,13400,-1,-1,56,-1,-1,-1
bin-301,1,6350,13400,-1,-1,56,-1,-1,-1
bin-302,1,6400,13400,-1,-1,56,-1,-1,-1
bin-303,1,6450,13400,-1,-1,56,-1,-1,-1
bin-304,1,6500,13400,-1,-1,56,-1,-1,-1
bin-305,1,6550,13400,-1,-1,56,-1,-1,-1
bin-306,1,6600,13400,-1,-1,56,-1,-1,-1
bin-307,1,6650,13400,-1,-1,56,-1,-1,-1
bin-308,1,6700,13400,-1,-1,56,-1,-1,-1
bin-309,1,6750,13400,-1,-1,56,-1,-1,-1
bin-310,1,6800,13400,-1,-1,56,-1,-1,-1
bin-311,1,6850,13400,-1,-1,56,-1,-1,-1
bin-312,1,6900,13400,-1,-1,56,-1,-1,-1
bin-313,1,6950,13400,-1,-1,56,-1,-1,-1
bin-314,1,7000,13400,-1,-1,56,-1,-1,-1
bin-315,1,7050,13400,-1,-1,56,-1,-1,-1
bin-316,1,7100,13400,-1,-1,56,-1,-1,-1
bin-317,1,7150,13400,-1,-1,56,-1,-1,-1
bin-318,0,7200,13400,-1,-1,56,-1,-1,-1
bin-319,0,7250,13400,-1,-1,56,-1,-1,-1
bin-320,0,7300,13400,-1,-1,56,-1,-1,-1
bin-321,0,7350,13400,-1,-1,56,-1,-1,-1
bin-322,0,5100,13450,-1,-1,56,-1,-1,-1
bin-323,0,5150,13450,-1,-1,56,-1,-1,-1
bin-324,0,5200,13450,-1,-1,56,-1,-1,-1
bin-325,0,5250,13450,-1,-1,56,-1,-1,-1
bin-326,0,5300,13450,-1,-1,56,-1,-1,-1
bin-327,0,5350,13450,-1,-1,56,-1,-1,-1
bin-328,1,5400,13450,-1,-1,56,-1,-1,-1
bin-329,1,5450,13450,-1,-1,56,-1,-1,-1
bin-330,1,5500,13450,-1,-1,56,-1,-1,-1
bin-331,1,5550,13450,-1,-1,56,-1,-1,-1
bin-332,1,5600,13450,-1,-1,56,-1,-1,-1
bin-333,1,5650,13450,-1,-1,56,-1,-1,-1
bin-334,1,5700,13450,-1,-1,56,-1,-1,-1
bin-335,1,5750,13450,-1,-1,56,-1,-1,-1
bin-336,1,5800,13450,-1,-1,56,-1,-1,-1
bin-337,1,5850,13450,-1,-1,56,-1,-1,-1
bin-338,1,5900,13450,-1,-1,56,-1,-1,-1
bin-339,1,5950,13450,-1,-1,56,-1,-1,-1
bin-340,1,6000,13450,-1,-1,56,-1,-1,-1
bin-341,1,6050,13450,-1,-1,56,-1,-1,-1
bin-342,1,6100,13450,-1,-1,56,-1,-1,-1
bin-343,1,6150,13450,-1,-1,56,-1,-1,-1
bin-344,1,6200,13450,-1,-1,56,-1,-1,-1
bin-345,1,6250,13450,-1,-1,56,-1,-1,-1
bin-346,1,6300,13450,-1,-1,56,-1,-1,-1
bin-347,1,6350,13450,-1,-1,56,-1,-1,-1
bin-348,1,6400,13450,-1,-1,56,-1,-1,-1
bin-349,1,6450,13450,-1,-1,56,-1,-1,-1
bin-350,1,6500,13450,-1,-1,56,-1,-1,-1
bin-351,1,6550,13450,-1,-1,56,-1,-1,-1
bin-352,1,6600,13450,-1,-1,56,-1,-1,-1
bin-353,1,6650,13450,-1,-1,56,-1,-1,-1
bin-354,1,6700,13450,-1,-1,56,-1,-1,-1
bin-355,1,6750,13450,-1,-1,56,-1,-1,-1
bin-356,1,6800,13450,-1,-1,56,-1,-1,-1
bin-357,1,6850,13450,-1,-1,56,-1,-1,-1
bin-358,1,6900,13450,-1,-1,56,-1,-1,-1
bin-359,1,6950,13450,-1,-1,56,-1,-1,-1
bin-360,1,7000,13450,-1,-1,56,-1,-1,-1
bin-361,1,7050,13450,-1,-1,56,-1,-1,-1
bin-362,1,7100,13450,-1,-1,56,-1,-1,-1
bin-363,1,7150,13450,-1,-1,56,-1,-1,-1
bin-364,1,7200,13450,-1,-1,56,-1,-1,-1
bin-365,0,7250,13450,-1,-1,56,-1,-1,-1
bin-366,0,7300,13450,-1,-1,56,-1,-1,-1
bin-367,0,7350,13450,-1,-1,56,-1,-1,-1
bin-368,0,5100,13500,-1,-1,56,-1,-1,-1
bin-369,0,5150,13500,-1,-1,56,-1,-1,-1
bin-370,0,5200,13500,-1,-1,56,-1,-1,-1
bin-371,0,5250,13500,-1,-1,56,-1,-1,-1
bin-372,0,5300,13500,-1,-1,56,-1,-1,-1
bin-373,1,5350,13500,-1,-1,56,-1,-1,-1
bin-374,1,5400,13500,-1,-1,56,-1,-1,-1
bin-375,1,5450,13500,-1,-1,56,-1,-1,-1
bin-376,1,5500,13500,-1,-1,56,-1,-1,-1
bin-377,1,5550,13500,-1,-1,56,-1,-1,-1
bin-378,1,5600,13500,-1,-1,56,-1,-1,-1
bin-379,1,5650,13500,-1,-1,56,-1,-1,-1
bin-380,1,5700,13500,-1,-1,56,-1,-1,-1
bin-381,1,5750,13500,-1,-1,56,-1,-1,-1
bin-382,1,5800,13500,-1,-1,56,-1,-1,-1
bin-383,1,5850,13500,-1,-1,56,-1,-1,-1
bin-384,1,5900,13500,-1,-1,56,-1,-1,-1
bin-385,1,5950,13500,-1,-1,56,-1,-1,-1
bin-386,1,6000,13500,-1,-1,56,-1,-1,-1
bin-387,1,6050,13500,-1,-1,56,-1,-1,-1
bin-388,1,6100,13500,-1,-1,56,-1,-1,-1
bin-389,1,6150,13500,-1,-1,56,-1,-1,-1
bin-390,1,6200,13500,-1,-1,56,-1,-1,-1
bin-391,1,6250,13500,-1,-1,56,-1,-1,-1
bin-392,1,6300,13500,-1,-1,56,-1,-1,-1
bin-393,1,6350,13500,-1,-1,56,-1,-1,-1
bin-394,1,6400,13500,-1,-1,56,-1,-1,-1
bin-395,1,6450,13500,-1,-1,56,-1,-1,-1
bin-396,1,6500,13500,-1,-1,56,-1,-1,-1
bin-397,1,6550,13500,-1,-1,56,-1,-1,-1
bin-398,1,6600,13500,-1,-1,56,-1,-1,-1
bin-399,1,6650,13500,-1,-1,56,-1,-1,-1
bin-400,1,6700,13500,-1,-1,56,-1,-1,-1
bin-401,1,6750,13500,-1,-1,56,-1,-1,-1
bin-402,1,6800,13500,-1,-1,56,-1,-1,-1
bin-403,1,6850,13500,-1,-1,56,-1,-1,-1
bin-404,1,6900,13500,-1,-1,56,-1,-1,-1
bin-405,1,6950,13500,-1,-1,56,-1,-1,-1
bin-406,1,7000,13500,-1,-1,56,-1,-1,-1
bin-407,1,7050,13500,-1,-1,56,-1,-1,-1
bin-408,1,7100,13500,-1,-1,56,-1,-1,-1
bin-409,1,7150,13500,-1,-1,56,-1,-1,-1
bin-410,1,7200,13500,-1,-1,56,-1,-1,-1
bin-411,0,7250,13500,-1,-1,56,-1,-1,-1
bin-412,0,7300,13500,-1,-1,56,-1,-1,-1
bin-413,0,7350,13500,-1,-1,56,-1,-1,-1
bin-414,0,5100,13550,-1,-1,56,-1,-1,-1
bin-415,0,5150,13550,-1,-1,56,-1,-1,-1
bin-416,0,5200,13550,-1,-1,56,-1,-1,-1
bin-417,0,5250,13550,-1,-1,56,-1,-1,-1
bin-418,0,5300,13550,-1,-1,56,-1,-1,-1
bin-419,1,5350,13550,-1,-1,56,-1,-1,-1
bin-420,1,5400,13550,-1,-1,56,-1,-1,-1
bin-421,1,5450,13550,-1,-1,56,-1,-1,-1
bin-422,1,5500,13550,-1,-1,56,-1,-1,-1
bin-423,1,5550,13550,-1,-1,56,-1,-1,-1
bin-424,1,5600,13550,-1,-1,56,-1,-1,-1
bin-425,1,5650,13550,-1,-1,56,-1,-1,-1
bin-426,1,5700,13550,-1,-1,56,-1,-1,-1
bin-427,1,5750,13550,-1,-1,56,-1,-1,-1
bin-428,1,5800,13550,-1,-1,56,-1,-1,-1
bin-429,1,5850,13550,-1,-1,56,-1,-1,-1
bin-430,1,5900,13550,-1,-1,56,-1,-1,-1
bin-431,1,5950,13550,-1,-1,56,-1,-1,-1
bin-432,1,6000,13550,-1,-1,56,-1,-1,-1
bin-433,1,6050,13550,-1,-1,56,-1,-1,-1
bin-434,1,6100,13550,-1,-1,56,-1,-1,-1
bin-435,1,6150,13550,-1,-1,56,-1,-1,-1
bin-436,1,6200,13550,-1,-1,56,-1,-1,-1
bin-437,1,6250,13550,-1,-1,56,-1,-1,-1
bin-438,1,6300,13550,-1,-1,56,-1,-1,-1
bin-439,1,6350,13550,-1,-1,56,-1,-1,-1
bin-440,1,6400,13550,-1,-1,56,-1,-1,-1
bin-441,1,6450,13550,-1,-1,56,-1,-1,-1
bin-442,1,6500,13550,-1,-1,56,-1,-1,-1
bin-443,1,6550,13550,-1,-1,56,-1,-1,-1
bin-444,1,6600,13550,-1,-1,56,-1,-1,-1
bin-445,1,6650,13550,-1,-1,56,-1,-1,-1
bin-446,1,6700,13550,-1,-1,56,-1,-1,-1
bin-447,1,6750,13550,-1,-1,56,-1,-1,-1
bin-448,1,6800,13550,-1,-1,56,-1,-1,-1
bin-449,1,6850,13550,-1,-1,56,-1,-1,-1
bin-450,1,6900,13550,-1,-1,56,-1,-1,-1
bin-451,1,6950,13550,-1,-1,56,-1,-1,-1
bin-452,1,7000,13550,-1,-1,56,-1,-1,-1
bin-453,1,7050,13550,-1,-1,56,-1,-1,-1
bin-454,1,7100,13550,-1,-1,56,-1,-1,-1
bin-455,1,7150,13550,-1,-1,56,-1,-1,-1
bin-456,1,7200,13550,-1,-1,56,-1,-1,-1
bin-457,0,7250,13550,-1,-1,56,-1,-1,-1
bin-458,0,7300,13550,-1,-1,56,-1,-1,-1
bin-459,0,7350,13550,-1,-1,56,-1,-1,-1
bin-460,0,5100,13600,-1,-1,56,-1,-1,-1
bin-461,0,5150,13600,-1,-1,56,-1,-1,-1
bin-462,0,5200,13600,-1,-1,56,-1,-1,-1
bin-463,0,5250,13600,-1,-1,56,-1,-1,-1
bin-464,1,5300,13600,-1,-1,56,-1,-1,-1
bin-465,1,5350,13600,-1,-1,56,-1,-1,-1
bin-466,1,5400,13600,-1,-1,56,-1,-1,-1
bin-467,1,5450,13600,-1,-1,56,-1,-1,-1
bin-468,1,5500,13600,-1,-1,56,-1,-1,-1
bin-469,1,5550,13600,-1,-1,56,-1,-1,-1
bin-470,1,5600,13600,-1,-1,56,-1,-1,-1
bin-471,1,5650,13600,-1,-1,56,-1,-1,-1
bin-472,1,5700,13600,-1,-1,56,-1,-1,-1
bin-473,1,5750,13600,-1,-1,56,-1,-1,-1
bin-474,1,5800,13600,-1,-1,56,-1,-1,-1
bin-475,1,5850,13600,-1,-1,56,-1,-1,-1
bin-476,1,5900,13600,-1,-1,56,-1,-1,-1
bin-477,1,5950,13600,-1,-1,56,-1,-1,-1
bin-478,1,6000,13600,-1,-1,56,-1,-1,-1
bin-479,1,6050,13600,-1,-1,56,-1,-1,-1
bin-480,1,6100,13600,-1,-1,56,-1,-1,-1
bin-481,1,6150,13600,-1,-1,56,-1,-1,-1
bin-482,1,6200,13600,-1,-1,56,-1,-1,-1
bin-483,1,6250,13600,-1,-1,56,-1,-1,-1
bin-484,1,6300,13600,-1,-1,56,-1,-1,-1
bin-485,1,6350,13600,-1,-1,56,-1,-1,-1
bin-486,1,6400,13600,-1,-1,56,-1,-1,-1
bin-487,1,6450,13600,-1,-1,56,-1,-1,-1
bin-488,1,6500,13600,-1,-1,56,-1,-1,-1
bin-489,1,6550,13600,-1,-1,56,-1,-1,-1
bin-490,1,6600,13600,-1,-1,56,-1,-1,-1
bin-491,1,6650,13600,-1,-1,56,-1,-1,-1
bin-492,1,6700,13600,-1,-1,56,-1,-1,-1
bin-493,1,6750,13600,-1,-1,56,-1,-1,-1
bin-494,1,6800,13600,-1,-1,56,-1,-1,-1
bin-495,1,6850,13600,-1,-1,56,-1,-1,-1
bin-496,1,6900,13600,-1,-1,56,-1,-1,-1
bin-497,1,6950,13600,-1,-1,56,-1,-1,-1
bin-498,1,7000,13600,-1,-1,56,-1,-1,-1
bin-499,1,7050,13600,-1,-1,56,-1,-1,-1
bin-500,1,7100,13600,-1,-1,56,-1,-1,-1
bin-501,1,7150,13600,-1,-1,56,-1,-1,-1
bin-502,1,7200,13600,-1,-1,56,-1,-1,-1
bin-503,0,7250,13600,-1,-1,56,-1,-1,-1
bin-504,0,7300,13600,-1,-1,56,-1,-1,-1
bin-505,0,7350,13600,-1,-1,56,-1,-1,-1
bin-506,0,5100,13650,-1,-1,56,-1,-1,-1
bin-507,0,5150,13650,-1,-1,56,-1,-1,-1
bin-508,0,5200,13650,-1,-1,56,-1,-1,-1
bin-509,1,5250,13650,-1,-1,56,-1,-1,-1
bin-510,1,5300,13650,-1,-1,56,-1,-1,-1
bin-511,1,5350,13650,-1,-1,56,-1,-1,-1
bin-512,1,5400,13650,-1,-1,56,-1,-1,-1
bin-513,1,5450,13650,-1,-1,56,-1,-1,-1
bin-514,1,5500,13650,-1,-1,56,-1,-1,-1
bin-515,1,5550,13650,-1,-1,56,-1,-1,-1
bin-516,1,5600,13650,-1,-1,56,-1,-1,-1
bin-517,1,5650,13650,-1,-1,56,-1,-1,-1
bin-518,1,5700,13650,-1,-1,56,-1,-1,-1
bin-519,1,5750,13650,-1,-1,56,-1,-1,-1
bin-520,1,5800,13650,-1,-1,56,-1,-1,-1
bin-521,1,5850,13650,-1,-1,56,-1,-1,-1
bin-522,1,5900,13650,-1,-1,56,-1,-1,-1
bin-523,1,5950,13650,-1,-1,56,-1,-1,-1
bin-524,1,6000,13650,-1,-1,56,-1,-1,-1
bin-525,1,6050,13650,-1,-1,56,-1,-1,-1
bin-526,1,6100,13650,-1,-1,56,-1,-1,-1
bin-527,1,6150,13650,-1,-1,56,-1,-1,-1
bin-528,1,6200,13650,-1,-1,56,-1,-1,-1
bin-529,1,6250,13650,-1,-1,56,-1,-1,-1
bin-530,1,6300,13650,-1,-1,56,-1,-1,-1
bin-531,1,6350,13650,-1,-1,56,-1,-1,-1
bin-532,1,6400,13650,-1,-1,56,-1,-1,-1
bin-533,1,6450,13650,-1,-1,56,-1,-1,-1
bin-534,1,6500,13650,-1,-1,56,-1,-1,-1
bin-535,1,6550,13650,-1,-1,56,-1,-1,-1
bin-536,1,6600,13650,-1,-1,56,-1,-1,-1
bin-537,1,6650,13650,-1,-1,56,-1,-1,-1
bin-538,1,6700,13650,-1,-1,56,-1,-1,-1
bin-539,1,6750,13650,-1,-1,56,-1,-1,-1
bin-540,1,6800,13650,-1,-1,56,-1,-1,-1
bin-541,1,6850,13650,-1,-1,56,-1,-1,-1
bin-542,1,6900,13650,-1,-1,56,-1,-1,-1
bin-543,1,6950,13650,-1,-1,56,-1,-1,-1
bin-544,1,7000,13650,-1,-1,56,-1,-1,-1
bin-545,1,7050,13650,-1,-1,56,-1,-1,-1
bin-546,1,7100,13650,-1,-1,56,-1,-1,-1
bin-547,1,7150,13650,-1,-1,56,-1,-1,-1
bin-548,0,7200,13650,-1,-1,56,-1,-1,-1
bin-549,0,7250,13650,-1,-1,56,-1,-1,-1
bin-550,0,7300,13650,-1,-1,56,-1,-1,-1
bin-551,0,7350,13650,-1,-1,56,-1,-1,-1
bin-552,0,5100,13700,-1,-1,56,-1,-1,-1
bin-553,0,5150,13700,-1,-1,56,-1,-1,-1
bin-554,1,5200,13700,-1,-1,56,-1,-1,-1
bin-555,1,5250,13700,-1,-1,56,-1,-1,-1
bin-556,1,5300,13700,-1,-1,56,-1,-1,-1
bin-557,1,5350,13700,-1,-1,56,-1,-1,-1
bin-558,1,5400,13700,-1,-1,56,-1,-1,-1
bin-559,1,5450,13700,-1,-1,56,-1,-1,-1
bin-560,1,5500,13700,-1,-1,56,-1,-1,-1
bin-561,1,5550,13700,-1,-1,56,-1,-1,-1
bin-562,1,5600,13700,-1,-1,56,-1,-1,-1
bin-563,1,5650,13700,-1,-1,56,-1,-1,-1
bin-564,1,5700,13700,-1,-1,56,-1,-1,-1
bin-565,1,5750,13700,-1,-1,56,-1,-1,-1
bin-566,1,5800,13700,-1,-1,56,-1,-1,-1
bin-567,1,5850,13700,-1,-1,56,-1,-1,-1
bin-568,1,5900,13700,-1,-1,56,-1,-1,-1
bin-569,1,5950,13700,-1,-1,56,-1,-1,-1
bin-570,1,6000,13700,-1,-1,56,-1,-1,-1
bin-571,1,6050,13700,-1,-1,56,-1,-1,-1
bin-572,1,6100,13700,-1,-1,56,-1,-1,-1
bin-573,1,6150,13700,-1,-1,56,-1,-1,-1
bin-574,1,6200,13700,-1,-1,56,-1,-1,-1
bin-575,1,6250,13700,-1,-1,56,-1,-1,-1
bin-576,1,6300,13700,-1,-1,56,-1,-1,-1
bin-577,1,6350,13700,-1,-1,56,-1,-1,-1
bin-578,1,6400,13700,-1,-1,56,-1,-1,-1
bin-579,1,6450,13700,-1,-1,56,-1,-1,-1
bin-580,1,6500,13700,-1,-1,56,-1,-1,-1
bin-581,1,6550,13700,-1,-1,56,-1,-1,-1
bin-582,1,6600,13700,-1,-1,56,-1,-1,-1
bin-583,1,6650,13700,-1,-1,56,-1,-1,-1
bin-584,1,6700,13700,-1,-1,56,-1,-1,-1
bin-585,1,6750,13700,-1,-1,56,-1,-1,-1
bin-586,1,6800,13700,-1,-1,56,-1,-1,-1
bin-587,1,6850,13700,-1,-1,56,-1,-1,-1
bin-588,1,6900,13700,-1,-1,56,-1,-1,-1
bin-589,1,6950,13700,-1,-1,56,-1,-1,-1
bin-590,1,7000,13700,-1,-1,56,-1,-1,-1
bin-591,1,7050,13700,-1,-1,56,-1,-1,-1
bin-592,1,7100,13700,-1,-1,56,-1,-1,-1
bin-593,1,7150,13700,-1,-1,56,-1,-1,-1
bin-594,0,7200,13700,-1,-1,56,-1,-1,-1
bin-595,0,7250,13700,-1,-1,56,-1,-1,-1
bin-596,0,7300,13700,-1,-1,56,-1,-1,-1
bin-597,0,7350,13700,-1,-1,56,-1,-1,-1
bin-598,0,5100,13750,-1,-1,56,-1,-1,-1
bin-599,1,5150,13750,-1,-1,56,-1,-1,-1
bin-600,1,5200,13750,-1,-1,56,-1,-1,-1
bin-601,1,5250,13750,-1,-1,56,-1,-1,-1
bin-602,1,5300,13750,-1,-1,56,-1,-1,-1
bin-603,1,5350,13750,-1,-1,56,-1,-1,-1
bin-604,1,5400,13750,-1,-1,56,-1,-1,-1
bin-605,1,5450,13750,-1,-1,56,-1,-1,-1
bin-606,1,5500,13750,-1,-1,56,-1,-1,-1
bin-607,1,5550,13750,-1,-1,56,-1,-1,-1
bin-608,1,5600,13750,-1,-1,56,-1,-1,-1
bin-609,1,5650,13750,-1,-1,56,-1,-1,-1
bin-610,1,5700,13750,-1,-1,56,-1,-1,-1
bin-611,1,5750,13750,-1,-1,56,-1,-1,-1
bin-612,1,5800,13750,-1,-1,56,-1,-1,-1
bin-613,1,5850,13750,-1,-1,56,-1,-1,-1
bin-614,1,5900,13750,-1,-1,56,-1,-1,-1
bin-615,1,5950,13750,-1,-1,56,-1,-1,-1
bin-616,1,6000,13750,-1,-1,56,-1,-1,-1
bin-617,1,6050,13750,-1,-1,56,-1,-1,-1
bin-618,1,6100,13750,-1,-1,56,-1,-1,-1
bin-619,1,6150,13750,-1,-1,56,-1,-1,-1
bin-620,1,6200,13750,-1,-1,56,-1,-1,-1
bin-621,1,6250,13750,-1,-1,56,-1,-1,-1
bin-622,1,6300,13750,-1,-1,56,-1,-1,-1
bin-623,1,6350,13750,-1,-1,56,-1,-1,-1
bin-624,1,6400,13750,-1,-1,56,-1,-1,-1
bin-625,1,6450,13750,-1,-1,56,-1,-1,-1
bin-626,1,6500,13750,-1,-1,56,-1,-1,-1
bin-627,1,6550,13750,-1,-1,56,-1,-1,-1
bin-628,1,6600,13750,-1,-1,56,-1,-1,-1
bin-629,1,6650,13750,-1,-1,56,-1,-1,-1
bin-630,1,6700,13750,-1,-1,56,-1,-1,-1
bin-631,1,6750,13750,-1,-1,56,-1,-1,-1
bin-632,1,6800,13750,-1,-1,56,-1,-1,-1
bin-633,1,6850,13750,-1,-1,56,-1,-1,-1
bin-634,1,6900,13750,-1,-1,56,-1,-1,-1
bin-635,1,6950,13750,-1,-1,56,-1,-1,-1
bin-636,1,7000,13750,-1,-1,56,-1,-1,-1
bin-637,1,7050,13750,-1,-1,56,-1,-1,-1
bin-638,1,7100,13750,-1,-1,56,-1,-1,-1
bin-639,1,7150,13750,-1,-1,56,-1,-1,-1
bin-640,0,7200,13750,-1,-1,56,-1,-1,-1
bin-641,0,7250,13750,-1,-1,56,-1,-1,-1
bin-642,0,7300,13750,-1,-1,56,-1,-1,-1
bin-643,0,7350,13750,-1,-1,56,-1,-1,-1
bin-644,1,5100,13800,-1,-1,56,-1,-1,-1
bin-645,1,5150,13800,-1,-1,56,-1,-1,-1
bin-646,1,5200,13800,-1,-1,56,-1,-1,-1
bin-647,1,5250,13800,-1,-1,56,-1,-1,-1
bin-648,1,5300,13800,-1,-1,56,-1,-1,-1
bin-649,1,5350,13800,-1,-1,56,-1,-1,-1
bin-650,1,5400,13800,-1,-1,56,-1,-1,-1
bin-651,1,5450,13800,-1,-1,56,-1,-1,-1
bin-652,1,5500,13800,-1,-1,56,-1,-1,-1
bin-653,1,5550,13800,-1,-1,56,-1,-1,-1
bin-654,1,5600,13800,-1,-1,56,-1,-1,-1
bin-655,1,5650,13800,-1,-1,56,-1,-1,-1
bin-656,1,5700,13800,-1,-1,56,-1,-1,-1
bin-657,1,5750,13800,-1,-1,56,-1,-1,-1
bin-658,1,5800,13800,-1,-1,56,-1,-1,-1
bin-659,1,5850,13800,-1,-1,56,-1,-1,-1
bin-660,1,5900,13800,-1,-1,56,-1,-1,-1
bin-661,1,5950,13800,-1,-1,56,-1,-1,-1
bin-662,1,6000,13800,-1,-1,56,-1,-1,-1
bin-663,1,6050,13800,-1,-1,56,-1,-1,-1
bin-664,1,6100,13800,-1,-1,56,-1,-1,-1
bin-665,1,6150,13800,-1,-1,56,-1,-1,-1
bin-666,1,6200,13800,-1,-1,56,-1,-1,-1
bin-667,1,6250,13800,-1,-1,56,-1,-1,-1
bin-668,1,6300,13800,-1,-1,56,-1,-1,-1
bin-669,1,6350,13800,-1,-1,56,-1,-1,-1
bin-670,1,6400,13800,-1,-1,56,-1,-1,-1
bin-671,1,6450,13800,-1,-1,56,-1,-1,-1
bin-672,1,6500,13800,-1,-1,56,-1,-1,-1
bin-673,1,6550,13800,-1,-1,56,-1,-1,-1
bin-674,1,6600,13800,-1,-1,56,-1,-1,-1
bin-675,1,6650,13800,-1,-1,56,-1,-1,-1
bin-676,1,6700,13800,-1,-1,56,-1,-1,-1
bin-677,1,6750,13800,-1,-1,56,-1,-1,-1
bin-678,1,6800,13800,-1,-1,56,-1,-1,-1
bin-679,1,6850,13800,-1,-1,56,-1,-1,-1
bin-680,1,6900,13800,-1,-1,56,-1,-1,-1
bin-681,1,6950,13800,-1,-1,56,-1,-1,-1
bin-682,1,7000,13800,-1,-1,56,-1,-1,-1
bin-683,1,7050,13800,-1,-1,56,-1,-1,-1
bin-684,1,7100,13800,-1,-1,56,-1,-1,-1
bin-685,1,7150,13800,-1,-1,56,-1,-1,-1
bin-686,0,7200,13800,-1,-1,56,-1,-1,-1
bin-687,0,7250,13800,-1,-1,56,-1,-1,-1
bin-688,0,7300,13800,-1,-1,56,-1,-1,-1
bin-689,0,7350,13800,-1,-1,56,-1,-1,-1
bin-690,1,5100,13850,-1,-1,56,-1,-1,-1
bin-691,1,5150,13850,-1,-1,56,-1,-1,-1
bin-692,1,5200,13850,-1,-1,56,-1,-1,-1
bin-693,1,5250,13850,-1,-1,56,-1,-1,-1
bin-694,1,5300,13850,-1,-1,56,-1,-1,-1
bin-695,1,5350,13850,-1,-1,56,-1,-1,-1
bin-696,1,5400,13850,-1,-1,56,-1,-1,-1
bin-697,1,5450,13850,-1,-1,56,-1,-1,-1
bin-698,1,5500,13850,-1,-1,56,-1,-1,-1
bin-699,1,5550,13850,-1,-1,56,-1,-1,-1
bin-700,1,5600,13850,-1,-1,56,-1,-1,-1
bin-701,1,5650,13850,-1,-1,56,-1,-1,-1
bin-702,1,5700,13850,-1,-1,56,-1,-1,-1
bin-703,1,5750,13850,-1,-1,56,-1,-1,-1
bin-704,1,5800,13850,-1,-1,56,-1,-1,-1
bin-705,1,5850,13850,-1,-1,56,-1,-1,-1
bin-706,1,5900,13850,-1,-1,56,-1,-1,-1
bin-707,1,5950,13850,-1,-1,56,-1,-1,-1
bin-708,1,6000,13850,-1,-1,56,-1,-1,-1
bin-709,1,6050,13850,-1,-1,56,-1,-1,-1
bin-710,1,6100,13850,-1,-1,56,-1,-1,-1
bin-711,1,6150,13850,-1,-1,56,-1,-1,-1
bin-712,1,6200,13850,-1,-1,56,-1,-1,-1
bin-713,1,6250,13850,-1,-1,56,-1,-1,-1
bin-714,1,6300,13850,-1,-1,56,-1,-1,-1
bin-715,1,6350,13850,-1,-1,56,-1,-1,-1
bin-716,1,6400,13850,-1,-1,56,-1,-1,-1
bin-717,1,6450,13850,-1,-1,56,-1,-1,-1
bin-718,1,6500,13850,-1,-1,56,-1,-1,-1
bin-719,1,6550,13850,-1,-1,56,-1,-1,-1
bin-720,1,6600,13850,-1,-1,56,-1,-1,-1
bin-721,1,6650,13850,-1,-1,56,-1,-1,-1
bin-722,1,6700,13850,-1,-1,56,-1,-1,-1
bin-723,1,6750,13850,-1,-1,56,-1,-1,-1
bin-724,1,6800,13850,-1,-1,56,-1,-1,-1
bin-725,1,6850,13850,-1,-1,56,-1,-1,-1
bin-726,1,6900,13850,-1,-1,56,-1,-1,-1
bin-727,1,6950,13850,-1,-1,56,-1,-1,-1
bin-728,1,7000,13850,-1,-1,56,-1,-1,-1
bin-729,1,7050,13850,-1,-1,56,-1,-1,-1
bin-730,1,7100,13850,-1,-1,56,-1,-1,-1
bin-731,1,7150,13850,-1,-1,56,-1,-1,-1
bin-732,0,7200,13850,-1,-1,56,-1,-1,-1
bin-733,0,7250,13850,-1,-1,56,-1,-1,-1
bin-734,0,7300,13850,-1,-1,56,-1,-1,-1
bin-735,0,7350,13850,-1,-1,56,-1,-1,-1
bin-736,1,5100,13900,-1,-1,56,-1,-1,-1
bin-737,1,5150,13900,-1,-1,56,-1,-1,-1
bin-738,1,5200,13900,-1,-1,56,-1,-1,-1
bin-739,1,5250,13900,-1,-1,56,-1,-1,-1
bin-740,1,5300,13900,-1,-1,56,-1,-1,-1
bin-741,1,5350,13900,-1,-1,56,-1,-1,-1
bin-742,1,5400,13900,-1,-1,56,-1,-1,-1
bin-743,1,5450,13900,-1,-1,56,-1,-1,-1
bin-744,1,5500,13900,-1,-1,56,-1,-1,-1
bin-745,1,5550,13900,-1,-1,56,-1,-1,-1
bin-746,1,5600,13900,-1,-1,56,-1,-1,-1
bin-747,1,5650,13900,-1,-1,56,-1,-1,-1
bin-748,1,5700,13900,-1,-1,56,-1,-1,-1
bin-749,1,5750,13900,-1,-1,56,-1,-1,-1
bin-750,1,5800,13900,-1,-1,56,-1,-1,-1
bin-751,1,5850,13900,-1,-1,56,-1,-1,-1
bin-752,1,5900,13900,-1,-1,56,-1,-1,-1
bin-753,1,5950,13900,-1,-1,56,-1,-1,-1
bin-754,1,6000,13900,-1,-1,56,-1,-1,-1
bin-755,1,6050,13900,-1,-1,56,-1,-1,-1
bin-756,1,6100,13900,-1,-1,56,-1,-1,-1
bin-757,1,6150,13900,-1,-1,56,-1,-1,-1
bin-758,1,6200,13900,-1,-1,56,-1,-1,-1
bin-759,1,6250,13900,-1,-1,56,-1,-1,-1
bin-760,1,6300,13900,-1,-1,56,-1,-1,-1
bin-761,1,6350,13900,-1,-1,56,-1,-1,-1
bin-762,1,6400,13900,-1,-1,56,-1,-1,-1
bin-763,1,6450,13900,-1,-1,56,-1,-1,-1
bin-764,1,6500,13900,-1,-1,56,-1,-1,-1
bin-765,1,6550,13900,-1,-1,56,-1,-1,-1
bin-766,1,6600,13900,-1,-1,56,-1,-1,-1
bin-767,1,6650,13900,-1,-1,56,-1,-1,-1
bin-768,1,6700,13900,-1,-1,56,-1,-1,-1
bin-769,1,6750,13900,-1,-1,56,-1,-1,-1
bin-770,1,6800,13900,-1,-1,56,-1,-1,-1
bin-771,1,6850,13900,-1,-1,56,-1,-1,-1
bin-772,1,6900,13900,-1,-1,56,-1,-1,-1
bin-773,1,6950,13900,-1,-1,56,-1,-1,-1
bin-774,1,7000,13900,-1,-1,56,-1,-1,-1
bin-775,1,7050,13900,-1,-1,56,-1,-1,-1
bin-776,1,7100,13900,-1,-1,56,-1,-1,-1
bin-777,1,7150,13900,-1,-1,56,-1,-1,-1
bin-778,0,7200,13900,-1,-1,56,-1,-1,-1
bin-779,0,7250,13900,-1,-1,56,-1,-1,-1
bin-780,0,7300,13900,-1,-1,56,-1,-1,-1
bin-781,0,7350,13900,-1,-1,56,-1,-1,-1
bin-782,1,5100,13950,-1,-1,56,-1,-1,-1
bin-783,1,5150,13950,-1,-1,56,-1,-1,-1
bin-784,1,5200,13950,-1,-1,56,-1,-1,-1
bin-785,1,5250,13950,-1,-1,56,-1,-1,-1
bin-786,1,5300,13950,-1,-1,56,-1,-1,-1
bin-787,1,5350,13950,-1,-1,56,-1,-1,-1
bin-788,1,5400,13950,-1,-1,56,-1,-1,-1
bin-789,1,5450,13950,-1,-1,56,-1,-1,-1
bin-790,1,5500,13950,-1,-1,56,-1,-1,-1
bin-791,1,5550,13950,-1,-1,56,-1,-1,-1
bin-792,1,5600,13950,-1,-1,56,-1,-1,-1
bin-793,1,5650,13950,-1,-1,56,-1,-1,-1
bin-794,1,5700,13950,-1,-1,56,-1,-1,-1
bin-795,1,5750,13950,-1,-1,56,-1,-1,-1
bin-796,1,5800,13950,-1,-1,56,-1,-1,-1
bin-797,1,5850,13950,-1,-1,56,-1,-1,-1
bin-798,1,5900,13950,-1,-1,56,-1,-1,-1
bin-799,1,5950,13950,-1,-1,56,-1,-1,-1
bin-800,1,6000,13950,-1,-1,56,-1,-1,-1
bin-801,1,6050,13950,-1,-1,56,-1,-1,-1
bin-802,1,6100,13950,-1,-1,56,-1,-1,-1
bin-803,1,6150,13950,-1,-1,56,-1,-1,-1
bin-804,1,6200,13950,-1,-1,56,-1,-1,-1
bin-805,1,6250,13950,-1,-1,56,-1,-1,-1
bin-806,1,6300,13950,-1,-1,56,-1,-1,-1
bin-807,1,6350,13950,-1,-1,56,-1,-1,-1
bin-808,1,6400,13950,-1,-1,56,-1,-1,-1
bin-809,1,6450,13950,-1,-1,56,-1,-1,-1
bin-810,1,6500,13950,-1,-1,56,-1,-1,-1
bin-811,1,6550,13950,-1,-1,56,-1,-1,-1
bin-812,1,6600,13950,-1,-1,56,-1,-1,-1
bin-813,1,6650,13950,-1,-1,56,-1,-1,-1
bin-814,1,6700,13950,-1,-1,56,-1,-1,-1
bin-815,1,6750,13950,-1,-1,56,-1,-1,-1
bin-816,1,6800,13950,-1,-1,56,-1,-1,-1
bin-817,1,6850,13950,-1,-1,56,-1,-1,-1
bin-818,1,6900,13950,-1,-1,56,-1,-1,-1
bin-819,1,6950,13950,-1,-1,56,-1,-1,-1
bin-820,1,7000,13950,-1,-1,56,-1,-1,-1
bin-821,1,7050,13950,-1,-1,56,-1,-1,-1
bin-822,1,7100,13950,-1,-1,56,-1,-1,-1
bin-823,0,7150,13950,-1,-1,56,-1,-1,-1
bin-824,0,7200,13950,-1,-1,56,-1,-1,-1
bin-825,0,7250,13950,-1,-1,56,-1,-1,-1
bin-826,0,7300,13950,-1,-1,56,-1,-1,-1
bin-827,0,7350,13950,-1,-1,56,-1,-1,-1
bin-828,1,5100,14000,-1,-1,56,-1,-1,-1
bin-829,1,5150,14000,-1,-1,56,-1,-1,-1
bin-830,1,5200,14000,-1,-1,56,-1,-1,-1
bin-831,1,5250,14000,-1,-1,56,-1,-1,-1
bin-832,1,5300,14000,-1,-1,56,-1,-1,-1
bin-833,1,5350,14000,-1,-1,56,-1,-1,-1
bin-834,1,5400,14000,-1,-1,56,-1,-1,-1
bin-835,1,5450,14000,-1,-1,56,-1,-1,-1
bin-836,1,5500,14000,-1,-1,56,-1,-1,-1
bin-837,1,5550,14000,-1,-1,56,-1,-1,-1
bin-838,1,5600,14000,-1,-1,56,-1,-1,-1
bin-839,1,5650,14000,-1,-1,56,-1,-1,-1
bin-840,1,5700,14000,-1,-1,56,-1,-1,-1
bin-841,1,5750,14000,-1,-1,56,-1,-1,-1
bin-842,1,5800,14000,-1,-1,56,-1,-1,-1
bin-843,1,5850,14000,-1,-1,56,-1,-1,-1
bin-844,1,5900,14000,-1,-1,56,-1,-1,-1
bin-845,1,5950,14000,-1,-1,56,-1,-1,-1
bin-846,1,6000,14000,-1,-1,56,-1,-1,-1
bin-847,1,6050,14000,-1,-1,56,-1,-1,-1
bin-848,1,6100,14000,-1,-1,56,-1,-1,-1
bin-849,1,6150,14000,-1,-1,56,-1,-1,-1
bin-850,1,6200,14000,-1,-1,56,-1,-1,-1
bin-851,1,6250,14000,-1,-1,56,-1,-1,-1
bin-852,1,6300,14000,-1,-1,56,-1,-1,-1
bin-853,1,6350,14000,-1,-1,56,-1,-1,-1
bin-854,1,6400,14000,-1,-1,56,-1,-1,-1
bin-855,1,6450,14000,-1,-1,56,-1,-1,-1
bin-856,1,6500,14000,-1,-1,56,-1,-1,-1
bin-857,1,6550,14000,-1,-1,56,-1,-1,-1
bin-858,1,6600,14000,-1,-1,56,-1,-1,-1
bin-859,1,6650,14000,-1,-1,56,-1,-1,-1
bin-860,1,6700,14000,-1,-1,56,-1,-1,-1
bin-861,1,6750,14000,-1,-1,56,-1,-1,-1
bin-862,1,6800,14000,-1,-1,56,-1,-1,-1
bin-863,1,6850,14000,-1,-1,56,-1,-1,-1
bin-864,1,6900,14000,-1,-1,56,-1,-1,-1
bin-865,1,6950,14000,-1,-1,56,-1,-1,-1
bin-866,1,7000,14000,-1,-1,56,-1,-1,-1
bin-867,1,7050,14000,-1,-1,56,-1,-1,-1
bin-868,1,7100,14000,-1,-1,56,-1,-1,-1
bin-869,0,7150,14000,-1,-1,56,-1,-1,-1
bin-870,0,7200,14000,-1,-1,56,-1,-1,-1
bin-871,0,7250,14000,-1,-1,56,-1,-1,-1
bin-872,0,7300,14000,-1,-1,56,-1,-1,-1
bin-873,0,7350,14000,-1,-1,56,-1,-1,-1
bin-874,1,5100,14050,-1,-1,56,-1,-1,-1
bin-875,1,5150,14050,-1,-1,56,-1,-1,-1
bin-876,1,5200,14050,-1,-1,56,-1,-1,-1
bin-877,1,5250,14050,-1,-1,56,-1,-1,-1
bin-878,1,5300,14050,-1,-1,56,-1,-1,-1
bin-879,1,5350,14050,-1,-1,56,-1,-1,-1
bin-880,1,5400,14050,-1,-1,56,-1,-1,-1
bin-881,1,5450,14050,-1,-1,56,-1,-1,-1
bin-882,1,5500,14050,-1,-1,56,-1,-1,-1
bin-883,1,5550,14050,-1,-1,56,-1,-1,-1
bin-884,1,5600,14050,-1,-1,56,-1,-1,-1
bin-885,1,5650,14050,-1,-1,56,-1,-1,-1
bin-886,1,5700,14050,-1,-1,56,-1,-1,-1
bin-887,1,5750,14050,-1,-1,56,-1,-1,-1
bin-888,1,5800,14050,-1,-1,56,-1,-1,-1
bin-889,1,5850,14050,-1,-1,56,-1,-1,-1
bin-890,1,5900,14050,-1,-1,56,-1,-1,-1
bin-891,1,5950,14050,-1,-1,56,-1,-1,-1
bin-892,1,6000,14050,-1,-1,56,-1,-1,-1
bin-893,1,6050,14050,-1,-1,56,-1,-1,-1
bin-894,1,6100,14050,-1,-1,56,-1,-1,-1
bin-895,1,6150,14050,-1,-1,56,-1,-1,-1
bin-896,1,6200,14050,-1,-1,56,-1,-1,-1
bin-897,1,6250,14050,-1,-1,56,-1,-1,-1
bin-898,1,6300,14050,-1,-1,56,-1,-1,-1
bin-899,1,6350,14050,-1,-1,56,-1,-1,-1
bin-900,1,6400,14050,-1,-1,56,-1,-1,-1
bin-901,1,6450,14050,-1,-1,56,-1,-1,-1
bin-902,1,6500,14050,-1,-1,56,-1,-1,-1
bin-903,1,6550,14050,-1,-1,56,-1,-1,-1
bin-904,1,6600,14050,-1,-1,56,-1,-1,-1
bin-905,1,6650,14050,-1,-1,56,-1,-1,-1
bin-906,1,6700,14050,-1,-1,56,-1,-1,-1
bin-907,1,6750,14050,-1,-1,56,-1,-1,-1
bin-908,1,6800,14050,-1,-1,56,-1,-1,-1
bin-909,1,6850,14050,-1,-1,56,-1,-1,-1
bin-910,1,6900,14050,-1,-1,56,-1,-1,-1
bin-911,1,6950,14050,-1,-1,56,-1,-1,-1
bin-912,1,7000,14050,-1,-1,56,-1,-1,-1
bin-913,1,7050,14050,-1,-1,56,-1,-1,-1
bin-914,1,7100,14050,-1,-1,56,-1,-1,-1
bin-915,0,7150,14050,-1,-1,56,-1,-1,-1
bin-916,0,7200,14050,-1,-1,56,-1,-1,-1
bin-917,0,7250,14050,-1,-1,56,-1,-1,-1
bin-918,0,7300,14050,-1,-1,56,-1,-1,-1
bin-919,0,7350,14050,-1,-1,56,-1,-1,-1
bin-920,1,5100,14100,-1,-1,56,-1,-1,-1
bin-921,1,5150,14100,-1,-1,56,-1,-1,-1
bin-922,1,5200,14100,-1,-1,56,-1,-1,-1
bin-923,1,5250,14100,-1,-1,56,-1,-1,-1
bin-924,1,5300,14100,-1,-1,56,-1,-1,-1
bin-925,1,5350,14100,-1,-1,56,-1,-1,-1
bin-926,1,5400,14100,-1,-1,56,-1,-1,-1
bin-927,1,5450,14100,-1,-1,56,-1,-1,-1
bin-928,1,5500,14100,-1,-1,56,-1,-1,-1
bin-929,1,5550,14100,-1,-1,56,-1,-1,-1
bin-930,1,5600,14100,-1,-1,56,-1,-1,-1
bin-931,1,5650,14100,-1,-1,56,-1,-1,-1
bin-932,1,5700,14100,-1,-1,56,-1,-1,-1
bin-933,1,5750,14100,-1,-1,56,-1,-1,-1
bin-934,1,5800,14100,-1,-1,56,-1,-1,-1
bin-935,1,5850,14100,-1,-1,56,-1,-1,-1
bin-936,1,5900,14100,-1,-1,56,-1,-1,-1
bin-937,1,5950,14100,-1,-1,56,-1,-1,-1
bin-938,1,6000,14100,-1,-1,56,-1,-1,-1
bin-939,1,6050,14100,-1,-1,56,-1,-1,-1
bin-940,1,6100,14100,-1,-1,56,-1,-1,-1
bin-941,1,6150,14100,-1,-1,56,-1,-1,-1
bin-942,1,6200,14100,-1,-1,56,-1,-1,-1
bin-943,1,6250,14100,-1,-1,56,-1,-1,-1
bin-944,1,6300,14100,-1,-1,56,-1,-1,-1
bin-945,1,6350,14100,-1,-1,56,-1,-1,-1
bin-946,1,6400,14100,-1,-1,56,-1,-1,-1
bin-947,1,6450,14100,-1,-1,56,-1,-1,-1
bin-948,1,6500,14100,-1,-1,56,-1,-1,-1
bin-949,1,6550,14100,-1,-1,56,-1,-1,-1
bin-950,1,6600,14100,-1,-1,56,-1,-1,-1
bin-951,1,6650,14100,-1,-1,56,-1,-1,-1
bin-952,1,6700,14100,-1,-1,56,-1,-1,-1
bin-953,1,6750,14100,-1,-1,56,-1,-1,-1
bin-954,1,6800,14100,-1,-1,56,-1,-1,-1
bin-955,1,6850,14100,-1,-1,56,-1,-1,-1
bin-956,1,6900,14100,-1,-1,56,-1,-1,-1
bin-957,1,6950,14100,-1,-1,56,-1,-1,-1
bin-958,1,7000,14100,-1,-1,56,-1,-1,-1
bin-959,1,7050,14100,-1,-1,56,-1,-1,-1
bin-960,1,7100,14100,-1,-1,56,-1,-1,-1
bin-961,0,7150,14100,-1,-1,56,-1,-1,-1
bin-962,0,7200,14100,-1,-1,56,-1,-1,-1
bin-963,0,7250,14100,-1,-1,56,-1,-1,-1
bin-964,0,7300,14100,-1,-1,56,-1,-1,-1
bin-965,0,7350,14100,-1,-1,56,-1,-1,-1
bin-966,1,5100,14150,-1,-1,56,-1,-1,-1
bin-967,1,5150,14150,-1,-1,56,-1,-1,-1
bin-968,1,5200,14150,-1,-1,56,-1,-1,-1
bin-969,1,5250,14150,-1,-1,56,-1,-1,-1
bin-970,1,5300,14150,-1,-1,56,-1,-1,-1
bin-971,1,5350,14150,-1,-1,56,-1,-1,-1
bin-972,1,5400,14150,-1,-1,56,-1,-1,-1
bin-973,1,5450,14150,-1,-1,56,-1,-1,-1
bin-974,1,5500,14150,-1,-1,56,-1,-1,-1
bin-975,1,5550,14150,-1,-1,56,-1,-1,-1
bin-976,1,5600,14150,-1,-1,56,-1,-1,-1
bin-977,1,5650,14150,-1,-1,56,-1,-1,-1
bin-978,1,5700,14150,-1,-1,56,-1,-1,-1
bin-979,1,5750,14150,-1,-1,56,-1,-1,-1
bin-980,1,5800,14150,-1,-1,56,-1,-1,-1
bin-981,1,5850,14150,-1,-1,56,-1,-1,-1
bin-982,1,5900,14150,-1,-1,56,-1,-1,-1
bin-983,1,5950,14150,-1,-1,56,-1,-1,-1
bin-984,1,6000,14150,-1,-1,56,-1,-1,-1
bin-985,1,6050,14150,-1,-1,56,-1,-1,-1
bin-986,1,6100,14150,-1,-1,56,-1,-1,-1
bin-987,1,6150,14150,-1,-1,56,-1,-1,-1
bin-988,1,6200,14150,-1,-1,56,-1,-1,-1
bin-989,1,6250,14150,-1,-1,56,-1,-1,-1
bin-990,1,6300,14150,-1,-1,56,-1,-1,-1
bin-991,1,6350,14150,-1,-1,56,-1,-1,-1
bin-992,1,6400,14150,-1,-1,56,-1,-1,-1
bin-993,1,6450,14150,-1,-1,56,-1,-1,-1
bin-994,1,6500,14150,-1,-1,56,-1,-1,-1
bin-995,1,6550,14150,-1,-1,56,-1,-1,-1
bin-996,1,6600,14150,-1,-1,56,-1,-1,-1
bin-997,1,6650,14150,-1,-1,56,-1,-1,-1
bin-998,1,6700,14150,-1,-1,56,-1,-1,-1
bin-999,1,6750,14150,-1,-1,56,-1,-1,-1
bin-1000,1,6800,14150,-1,-1,56,-1,-1,-1
bin-1001,1,6850,14150,-1,-1,56,-1,-1,-1
bin-1002,1,6900,14150,-1,-1,56,-1,-1,-1
bin-1003,1,6950,14150,-1,-1,56,-1,-1,-1
bin-1004,1,7000,14150,-1,-1,56,-1,-1,-1
bin-1005,1,7050,14150,-1,-1,56,-1,-1,-1
bin-1006,0,7100,14150,-1,-1,56,-1,-1,-1
bin-1007,0,7150,14150,-1,-1,56,-1,-1,-1
bin-1008,0,7200,14150,-1,-1,56,-1,-1,-1
bin-1009,0,7250,14150,-1,-1,56,-1,-1,-1
bin-1010,0,7300,14150,-1,-1,56,-1,-1,-1
bin-1011,0,7350,14150,-1,-1,56,-1,-1,-1
bin-1012,1,5100,14200,-1,-1,56,-1,-1,-1
bin-1013,1,5150,14200,-1,-1,56,-1,-1,-1
bin-1014,1,5200,14200,-1,-1,56,-1,-1,-1
bin-1015,1,5250,14200,-1,-1,56,-1,-1,-1
bin-1016,1,5300,14200,-1,-1,56,-1,-1,-1
bin-1017,1,5350,14200,-1,-1,56,-1,-1,-1
bin-1018,1,5400,14200,-1,-1,56,-1,-1,-1
bin-1019,1,5450,14200,-1,-1,56,-1,-1,-1
bin-1020,1,5500,14200,-1,-1,56,-1,-1,-1
bin-1021,1,5550,14200,-1,-1,56,-1,-1,-1
bin-1022,1,5600,14200,-1,-1,56,-1,-1,-1
bin-1023,1,5650,14200,-1,-1,56,-1,-1,-1
bin-1024,1,5700,14200,-1,-1,56,-1,-1,-1
bin-1025,1,5750,14200,-1,-1,56,-1,-1,-1
bin-1026,1,5800,14200,-1,-1,56,-1,-1,-1
bin-1027,1,5850,14200,-1,-1,56,-1,-1,-1
bin-1028,1,5900,14200,-1,-1,56,-1,-1,-1
bin-1029,1,5950,14200,-1,-1,56,-1,-1,-1
bin-1030,1,6000,14200,-1,-1,56,-1,-1,-1
bin-1031,1,6050,14200,-1,-1,56,-1,-1,-1
bin-1032,1,6100,14200,-1,-1,56,-1,-1,-1
bin-1033,1,6150,14200,-1,-1,56,-1,-1,-1
bin-1034,1,6200,14200,-1,-1,56,-1,-1,-1
bin-1035,1,6250,14200,-1,-1,56,-1,-1,-1
bin-1036,1,6300,14200,-1,-1,56,-1,-1,-1
bin-1037,1,6350,14200,-1,-1,56,-1,-1,-1
bin-1038,1,6400,14200,-1,-1,56,-1,-1,-1
bin-1039,1,6450,14200,-1,-1,56,-1,-1,-1
bin-1040,1,6500,14200,-1,-1,56,-1,-1,-1
bin-1041,1,6550,14200,-1,-1,56,-1,-1,-1
bin-1042,1,6600,14200,-1,-1,56,-1,-1,-1
bin-1043,1,6650,14200,-1,-1,56,-1,-1,-1
bin-1044,1,6700,14200,-1,-1,56,-1,-1,-1
bin-1045,1,6750,14200,-1,-1,56,-1,-1,-1
bin-1046,1,6800,14200,-1,-1,56,-1,-1,-1
bin-1047,1,6850,14200,-1,-1,56,-1,-1,-1
bin-1048,1,6900,14200,-1,-1,56,-1,-1,-1
bin-1049,1,6950,14200,-1,-1,56,-1,-1,-1
bin-1050,1,7000,14200,-1,-1,56,-1,-1,-1
bin-1051,1,7050,14200,-1,-1,56,-1,-1,-1
bin-1052,0,7100,14200,-1,-1,56,-1,-1,-1
bin-1053,0,7150,14200,-1,-1,56,-1,-1,-1
bin-1054,0,7200,14200,-1,-1,56,-1,-1,-1
bin-1055,0,7250,14200,-1,-1,56,-1,-1,-1
bin-1056,0,7300,14200,-1,-1,56,-1,-1,-1
bin-1057,0,7350,14200,-1,-1,56,-1,-1,-1
bin-1058,1,5100,14250,-1,-1,56,-1,-1,-1
bin-1059,1,5150,14250,-1,-1,56,-1,-1,-1
bin-1060,1,5200,14250,-1,-1,56,-1,-1,-1
bin-1061,1,5250,14250,-1,-1,56,-1,-1,-1
bin-1062,1,5300,14250,-1,-1,56,-1,-1,-1
bin-1063,1,5350,14250,-1,-1,56,-1,-1,-1
bin-1064,1,5400,14250,-1,-1,56,-1,-1,-1
bin-1065,1,5450,14250,-1,-1,56,-1,-1,-1
bin-1066,1,5500,14250,-1,-1,56,-1,-1,-1
bin-1067,1,5550,14250,-1,-1,56,-1,-1,-1
bin-1068,1,5600,14250,-1,-1,56,-1,-1,-1
bin-1069,1,5650,14250,-1,-1,56,-1,-1,-1
bin-1070,1,5700,14250,-1,-1,56,-1,-1,-1
bin-1071,1,5750,14250,-1,-1,56,-1,-1,-1
bin-1072,1,5800,14250,-1,-1,56,-1,-1,-1
bin-1073,1,5850,14250,-1,-1,56,-1,-1,-1
bin-1074,1,5900,14250,-1,-1,56,-1,-1,-1
bin-1075,1,5950,14250,-1,-1,56,-1,-1,-1
bin-1076,1,6000,14250,-1,-1,56,-1,-1,-1
bin-1077,1,6050,14250,-1,-1,56,-1,-1,-1
bin-1078,1,6100,14250,-1,-1,56,-1,-1,-1
bin-1079,1,6150,14250,-1,-1,56,-1,-1,-1
bin-1080,1,6200,14250,-1,-1,56,-1,-1,-1
bin-1081,1,6250,14250,-1,-1,56,-1,-1,-1
bin-1082,1,6300,14250,-1,-1,56,-1,-1,-1
bin-1083,1,6350,14250,-1,-1,56,-1,-1,-1
bin-1084,1,6400,14250,-1,-1,56,-1,-1,-1
bin-1085,1,6450,14250,-1,-1,56,-1,-1,-1
bin-1086,1,6500,14250,-1,-1,56,-1,-1,-1
bin-1087,1,6550,14250,-1,-1,56,-1,-1,-1
bin-1088,1,6600,14250,-1,-1,56,-1,-1,-1
bin-1089,1,6650,14250,-1,-1,56,-1,-1,-1
bin-1090,1,6700,14250,-1,-1,56,-1,-1,-1
bin-1091,0,6750,14250,-1,-1,56,-1,-1,-1
bin-1092,1,6800,14250,-1,-1,56,-1,-1,-1
bin-1093,1,6850,14250,-1,-1,56,-1,-1,-1
bin-1094,1,6900,14250,-1,-1,56,-1,-1,-1
bin-1095,1,6950,14250,-1,-1,56,-1,-1,-1
bin-1096,1,7000,14250,-1,-1,56,-1,-1,-1
bin-1097,1,7050,14250,-1,-1,56,-1,-1,-1
bin-1098,0,7100,14250,-1,-1,56,-1,-1,-1
bin-1099,0,7150,14250,-1,-1,56,-1,-1,-1
bin-1100,0,7200,14250,-1,-1,56,-1,-1,-1
bin-1101,0,7250,14250,-1,-1,56,-1,-1,-1
bin-1102,0,7300,14250,-1,-1,56,-1,-1,-1
bin-1103,0,7350,14250,-1,-1,56,-1,-1,-1
bin-1104,0,5100,14300,-1,-1,56,-1,-1,-1
bin-1105,1,5150,14300,-1,-1,56,-1,-1,-1
bin-1106,1,5200,14300,-1,-1,56,-1,-1,-1
bin-1107,1,5250,14300,-1,-1,56,-1,-1,-1
bin-1108,1,5300,14300,-1,-1,56,-1,-1,-1
bin-1109,1,5350,14300,-1,-1,56,-1,-1,-1
bin-1110,1,5400,14300,-1,-1,56,-1,-1,-1
bin-1111,1,5450,14300,-1,-1,56,-1,-1,-1
bin-1112,1,5500,14300,-1,-1,56,-1,-1,-1
bin-1113,1,5550,14300,-1,-1,56,-1,-1,-1
bin-1114,1,5600,14300,-1,-1,56,-1,-1,-1
bin-1115,1,5650,14300,-1,-1,56,-1,-1,-1
bin-1116,1,5700,14300,-1,-1,56,-1,-1,-1
bin-1117,1,5750,14300,-1,-1,56,-1,-1,-1
bin-1118,1,5800,14300,-1,-1,56,-1,-1,-1
bin-1119,1,5850,14300,-1,-1,56,-1,-1,-1
bin-1120,1,5900,14300,-1,-1,56,-1,-1,-1
bin-1121,1,5950,14300,-1,-1,56,-1,-1,-1
bin-1122,1,6000,14300,-1,-1,56,-1,-1,-1
bin-1123,1,6050,14300,-1,-1,56,-1,-1,-1
bin-1124,1,6100,14300,-1,-1,56,-1,-1,-1
bin-1125,1,6150,14300,-1,-1,56,-1,-1,-1
bin-1126,1,6200,14300,-1,-1,56,-1,-1,-1
bin-1127,1,6250,14300,-1,-1,56,-1,-1,-1
bin-1128,1,6300,14300,-1,-1,56,-1,-1,-1
bin-1129,1,6350,14300,-1,-1,56,-1,-1,-1
bin-1130,1,6400,14300,-1,-1,56,-1,-1,-1
bin-1131,1,6450,14300,-1,-1,56,-1,-1,-1
bin-1132,1,6500,14300,-1,-1,56,-1,-1,-1
bin-1133,1,6550,14300,-1,-1,56,-1,-1,-1
bin-1134,1,6600,14300,-1,-1,56,-1,-1,-1
bin-1135,1,6650,14300,-1,-1,56,-1,-1,-1
bin-1136,1,6700,14300,-1,-1,56,-1,-1,-1
bin-1137,0,6750,14300,-1,-1,56,-1,-1,-1
bin-1138,0,6800,14300,-1,-1,56,-1,-1,-1
bin-1139,0,6850,14300,-1,-1,56,-1,-1,-1
bin-1140,0,6900,14300,-1,-1,56,-1,-1,-1
bin-1141,0,6950,14300,-1,-1,56,-1,-1,-1
bin-1142,0,7000,14300,-1,-1,56,-1,-1,-1
bin-1143,0,7050,14300,-1,-1,56,-1,-1,-1
bin-1144,0,7100,14300,-1,-1,56,-1,-1,-1
bin-1145,0,7150,14300,-1,-1,56,-1,-1,-1
bin-1146,0,7200,14300,-1,-1,56,-1,-1,-1
bin-1147,0,7250,14300,-1,-1,56,-1,-1,-1
bin-1148,0,7300,14300,-1,-1,56,-1,-1,-1
bin-1149,0,7350,14300,-1,-1,56,-1,-1,-1
bin-1150,0,5100,14350,-1,-1,56,-1,-1,-1
bin-1151,1,5150,14350,-1,-1,56,-1,-1,-1
bin-1152,1,5200,14350,-1,-1,56,-1,-1,-1
bin-1153,1,5250,14350,-1,-1,56,-1,-1,-1
bin-1154,1,5300,14350,-1,-1,56,-1,-1,-1
bin-1155,1,5350,14350,-1,-1,56,-1,-1,-1
bin-1156,1,5400,14350,-1,-1,56,-1,-1,-1
bin-1157,1,5450,14350,-1,-1,56,-1,-1,-1
bin-1158,1,5500,14350,-1,-1,56,-1,-1,-1
bin-1159,1,5550,14350,-1,-1,56,-1,-1,-1
bin-1160,1,5600,14350,-1,-1,56,-1,-1,-1
bin-1161,1,5650,14350,-1,-1,56,-1,-1,-1
bin-1162,1,5700,14350,-1,-1,56,-1,-1,-1
bin-1163,1,5750,14350,-1,-1,56,-1,-1,-1
bin-1164,1,5800,14350,-1,-1,56,-1,-1,-1
bin-1165,1,5850,14350,-1,-1,56,-1,-1,-1
bin-1166,1,5900,14350,-1,-1,56,-1,-1,-1
bin-1167,1,5950,14350,-1,-1,56,-1,-1,-1
bin-1168,1,6000,14350,-1,-1,56,-1,-1,-1
bin-1169,1,6050,14350,-1,-1,56,-1,-1,-1
bin-1170,1,6100,14350,-1,-1,56,-1,-1,-1
bin-1171,1,6150,14350,-1,-1,56,-1,-1,-1
bin-1172,1,6200,14350,-1,-1,56,-1,-1,-1
bin-1173,1,6250,14350,-1,-1,56,-1,-1,-1
bin-1174,1,6300,14350,-1,-1,56,-1,-1,-1
bin-1175,1,6350,14350,-1,-1,56,-1,-1,-1
bin-1176,1,6400,14350,-1,-1,56,-1,-1,-1
bin-1177,1,6450,14350,-1,-1,56,-1,-1,-1
bin-1178,1,6500,14350,-1,-1,56,-1,-1,-1
bin-1179,1,6550,14350,-1,-1,56,-1,-1,-1
bin-1180,1,6600,14350,-1,-1,56,-1,-1,-1
bin-1181,1,6650,14350,-1,-1,56,-1,-1,-1
bin-1182,1,6700,14350,-1,-1,56,-1,-1,-1
bin-1183,0,6750,14350,-1,-1,56,-1,-1,-1
bin-1184,0,6800,14350,-1,-1,56,-1,-1,-1
bin-1185,0,6850,14350,-1,-1,56,-1,-1,-1
bin-1186,0,6900,14350,-1,-1,56,-1,-1,-1
bin-1187,0,6950,14350,-1,-1,56,-1,-1,-1
bin-1188,0,7000,14350,-1,-1,56,-1,-1,-1
bin-1189,0,7050,14350,-1,-1,56,-1,-1,-1
bin-1190,0,7100,14350,-1,-1,56,-1,-1,-1
bin-1191,0,7150,14350,-1,-1,56,-1,-1,-1
bin-1192,0,7200,14350,-1,-1,56,-1,-1,-1
bin-1193,0,7250,14350,-1,-1,56,-1,-1,-1
bin-1194,0,7300,14350,-1,-1,56,-1,-1,-1
bin-1195,0,7350,14350,-1,-1,56,-1,-1,-1
bin-1196,0,5100,14400,-1,-1,56,-1,-1,-1
bin-1197,1,5150,14400,-1,-1,56,-1,-1,-1
bin-1198,1,5200,14400,-1,-1,56,-1,-1,-1
bin-1199,1,5250,14400,-1,-1,56,-1,-1,-1
bin-1200,1,5300,14400,-1,-1,56,-1,-1,-1
bin-1201,1,5350,14400,-1,-1,56,-1,-1,-1
bin-1202,1,5400,14400,-1,-1,56,-1,-1,-1
bin-1203,1,5450,14400,-1,-1,56,-1,-1,-1
bin-1204,1,5500,14400,-1,-1,56,-1,-1,-1
bin-1205,1,5550,14400,-1,-1,56,-1,-1,-1
bin-1206,1,5600,14400,-1,-1,56,-1,-1,-1
bin-1207,1,5650,14400,-1,-1,56,-1,-1,-1
bin-1208,1,5700,14400,-1,-1,56,-1,-1,-1
bin-1209,1,5750,14400,-1,-1,56,-1,-1,-1
bin-1210,1,5800,14400,-1,-1,56,-1,-1,-1
bin-1211,1,5850,14400,-1,-1,56,-1,-1,-1
bin-1212,1,5900,14400,-1,-1,56,-1,-1,-1
bin-1213,1,5950,14400,-1,-1,56,-1,-1,-1
bin-1214,1,6000,14400,-1,-1,56,-1,-1,-1
bin-1215,1,6050,14400,-1,-1,56,-1,-1,-1
bin-1216,1,6100,14400,-1,-1,56,-1,-1,-1
bin-1217,1,6150,14400,-1,-1,56,-1,-1,-1
bin-1218,1,6200,14400,-1,-1,56,-1,-1,-1
bin-1219,1,6250,14400,-1,-1,56,-1,-1,-1
bin-1220,1,6300,14400,-1,-1,56,-1,-1,-1
bin-1221,1,6350,14400,-1,-1,56,-1,-1,-1
bin-1222,1,6400,14400,-1,-1,56,-1,-1,-1
bin-1223,1,6450,14400,-1,-1,56,-1,-1,-1
bin-1224,1,6500,14400,-1,-1,56,-1,-1,-1
bin-1225,1,6550,14400,-1,-1,56,-1,-1,-1
bin-1226,1,6600,14400,-1,-1,56,-1,-1,-1
bin-1227,1,6650,14400,-1,-1,56,-1,-1,-1
bin-1228,1,6700,14400,-1,-1,56,-1,-1,-1
bin-1229,0,6750,14400,-1,-1,56,-1,-1,-1
bin-1230,0,6800,14400,-1,-1,56,-1,-1,-1
bin-1231,0,6850,14400,-1,-1,56,-1,-1,-1
bin-1232,0,6900,14400,-1,-1,56,-1,-1,-1
bin-1233,0,6950,14400,-1,-1,56,-1,-1,-1
bin-1234,0,7000,14400,-1,-1,56,-1,-1,-1
bin-1235,0,7050,14400,-1,-1,56,-1,-1,-1
bin-1236,0,7100,14400,-1,-1,56,-1,-1,-1
bin-1237,0,7150,14400,-1,-1,56,-1,-1,-1
bin-1238,0,7200,14400,-1,-1,56,-1,-1,-1
bin-1239,0,7250,14400,-1,-1,56,-1,-1,-1
bin-1240,0,7300,14400,-1,-1,56,-1,-1,-1
bin-1241,0,7350,14400,-1,-1,56,-1,-1,-1
bin-1242,0,5100,14450,-1,-1,56,-1,-1,-1
bin-1243,1,5150,14450,-1,-1,56,-1,-1,-1
bin-1244,1,5200,14450,-1,-1,56,-1,-1,-1
bin-1245,1,5250,14450,-1,-1,56,-1,-1,-1
bin-1246,1,5300,14450,-1,-1,56,-1,-1,-1
bin-1247,1,5350,14450,-1,-1,56,-1,-1,-1
bin-1248,1,5400,14450,-1,-1,56,-1,-1,-1
bin-1249,1,5450,14450,-1,-1,56,-1,-1,-1
bin-1250,1,5500,14450,-1,-1,56,-1,-1,-1
bin-1251,1,5550,14450,-1,-1,56,-1,-1,-1
bin-1252,1,5600,14450,-1,-1,56,-1,-1,-1
bin-1253,1,5650,14450,-1,-1,56,-1,-1,-1
bin-1254,1,5700,14450,-1,-1,56,-1,-1,-1
bin-1255,1,5750,14450,-1,-1,56,-1,-1,-1
bin-1256,1,5800,14450,-1,-1,56,-1,-1,-1
bin-1257,1,5850,14450,-1,-1,56,-1,-1,-1
bin-1258,1,5900,14450,-1,-1,56,-1,-1,-1
bin-1259,1,5950,14450,-1,-1,56,-1,-1,-1
bin-1260,1,6000,14450,-1,-1,56,-1,-1,-1
bin-1261,1,6050,14450,-1,-1,56,-1,-1,-1
bin-1262,1,6100,14450,-1,-1,56,-1,-1,-1
bin-1263,1,6150,14450,-1,-1,56,-1,-1,-1
bin-1264,1,6200,14450,-1,-1,56,-1,-1,-1
bin-1265,1,6250,14450,-1,-1,56,-1,-1,-1
bin-1266,1,6300,14450,-1,-1,56,-1,-1,-1
bin-1267,1,6350,14450,-1,-1,56,-1,-1,-1
bin-1268,1,6400,14450,-1,-1,56,-1,-1,-1
bin-1269,1,6450,14450,-1,-1,56,-1,-1,-1
bin-1270,1,6500,14450,-1,-1,56,-1,-1,-1
bin-1271,1,6550,14450,-1,-1,56,-1,-1,-1
bin-1272,1,6600,14450,-1,-1,56,-1,-1,-1
bin-1273,1,6650,14450,-1,-1,56,-1,-1,-1
bin-1274,1,6700,14450,-1,-1,56,-1,-1,-1
bin-1275,0,6750,14450,-1,-1,56,-1,-1,-1
bin-1276,0,6800,14450,-1,-1,56,-1,-1,-1
bin-1277,0,6850,14450,-1,-1,56,-1,-1,-1
bin-1278,0,6900,14450,-1,-1,56,-1,-1,-1
bin-1279,0,6950,14450,-1,-1,56,-1,-1,-1
bin-1280,0,7000,14450,-1,-1,56,-1,-1,-1
bin-1281,0,7050,14450,-1,-1,56,-1,-1,-1
bin-1282,0,7100,14450,-1,-1,56,-1,-1,-1
bin-1283,0,7150,14450,-1,-1,56,-1,-1,-1
bin-1284,0,7200,14450,-1,-1,56,-1,-1,-1
bin-1285,0,7250,14450,-1,-1,56,-1,-1,-1
bin-1286,0,7300,14450,-1,-1,56,-1,-1,-1
bin-1287,0,7350,14450,-1,-1,56,-1,-1,-1
bin-1288,0,5100,14500,-1,-1,56,-1,-1,-1
bin-1289,0,5150,14500,-1,-1,56,-1,-1,-1
bin-1290,1,5200,14500,-1,-1,56,-1,-1,-1
bin-1291,1,5250,14500,-1,-1,56,-1,-1,-1
bin-1292,1,5300,14500,-1,-1,56,-1,-1,-1
bin-1293,1,5350,14500,-1,-1,56,-1,-1,-1
bin-1294,1,5400,14500,-1,-1,56,-1,-1,-1
bin-1295,1,5450,14500,-1,-1,56,-1,-1,-1
bin-1296,1,5500,14500,-1,-1,56,-1,-1,-1
bin-1297,1,5550,14500,-1,-1,56,-1,-1,-1
bin-1298,1,5600,14500,-1,-1,56,-1,-1,-1
bin-1299,1,5650,14500,-1,-1,56,-1,-1,-1
bin-1300,1,5700,14500,-1,-1,56,-1,-1,-1
bin-1301,1,5750,14500,-1,-1,56,-1,-1,-1
bin-1302,1,5800,14500,-1,-1,56,-1,-1,-1
bin-1303,1,5850,14500,-1,-1,56,-1,-1,-1
bin-1304,1,5900,14500,-1,-1,56,-1,-1,-1
bin-1305,1,5950,14500,-1,-1,56,-1,-1,-1
bin-1306,1,6000,14500,-1,-1,56,-1,-1,-1
bin-1307,1,6050,14500,-1,-1,56,-1,-1,-1
bin-1308,1,6100,14500,-1,-1,56,-1,-1,-1
bin-1309,1,6150,14500,-1,-1,56,-1,-1,-1
bin-1310,1,6200,14500,-1,-1,56,-1,-1,-1
bin-1311,1,6250,14500,-1,-1,56,-1,-1,-1
bin-1312,1,6300,14500,-1,-1,56,-1,-1,-1
bin-1313,1,6350,14500,-1,-1,56,-1,-1,-1
bin-1314,1,6400,14500,-1,-1,56,-1,-1,-1
bin-1315,1,6450,14500,-1,-1,56,-1,-1,-1
bin-1316,1,6500,14500,-1,-1,56,-1,-1,-1
bin-1317,1,6550,14500,-1,-1,56,-1,-1,-1
bin-1318,1,6600,14500,-1,-1,56,-1,-1,-1
bin-1319,1,6650,14500,-1,-1,56,-1,-1,-1
bin-1320,0,6700,14500,-1,-1,56,-1,-1,-1
bin-1321,0,6750,14500,-1,-1,56,-1,-1,-1
bin-1322,0,6800,14500,-1,-1,56,-1,-1,-1
bin-1323,0,6850,14500,-1,-1,56,-1,-1,-1
bin-1324,0,6900,14500,-1,-1,56,-1,-1,-1
bin-1325,0,6950,14500,-1,-1,56,-1,-1,-1
bin-1326,0,7000,14500,-1,-1,56,-1,-1,-1
bin-1327,0,7050,14500,-1,-1,56,-1,-1,-1
bin-1328,0,7100,14500,-1,-1,56,-1,-1,-1
bin-1329,1,7150,14500,-1,-1,56,-1,-1,-1
bin-1330,1,7200,14500,-1,-1,56,-1,-1,-1
bin-1331,1,7250,14500,-1,-1,56,-1,-1,-1
bin-1332,1,7300,14500,-1,-1,56,-1,-1,-1
bin-1333,0,7350,14500,-1,-1,56,-1,-1,-1
bin-1334,0,5100,14550,-1,-1,56,-1,-1,-1
bin-1335,0,5150,14550,-1,-1,56,-1,-1,-1
bin-1336,0,5200,14550,-1,-1,56,-1,-1,-1
bin-1337,1,5250,14550,-1,-1,56,-1,-1,-1
bin-1338,1,5300,14550,-1,-1,56,-1,-1,-1
bin-1339,1,5350,14550,-1,-1,56,-1,-1,-1
bin-1340,1,5400,14550,-1,-1,56,-1,-1,-1
bin-1341,1,5450,14550,-1,-1,56,-1,-1,-1
bin-1342,1,5500,14550,-1,-1,56,-1,-1,-1
bin-1343,1,5550,14550,-1,-1,56,-1,-1,-1
bin-1344,1,5600,14550,-1,-1,56,-1,-1,-1
bin-1345,1,5650,14550,-1,-1,56,-1,-1,-1
bin-1346,1,5700,14550,-1,-1,56,-1,-1,-1
bin-1347,1,5750,14550,-1,-1,56,-1,-1,-1
bin-1348,1,5800,14550,-1,-1,56,-1,-1,-1
bin-1349,1,5850,14550,-1,-1,56,-1,-1,-1
bin-1350,1,5900,14550,-1,-1,56,-1,-1,-1
bin-1351,1,5950,14550,-1,-1,56,-1,-1,-1
bin-1352,1,6000,14550,-1,-1,56,-1,-1,-1
bin-1353,1,6050,14550,-1,-1,56,-1,-1,-1
bin-1354,1,6100,14550,-1,-1,56,-1,-1,-1
bin-1355,1,6150,14550,-1,-1,56,-1,-1,-1
bin-1356,1,6200,14550,-1,-1,56,-1,-1,-1
bin-1357,1,6250,14550,-1,-1,56,-1,-1,-1
bin-1358,1,6300,14550,-1,-1,56,-1,-1,-1
bin-1359,1,6350,14550,-1,-1,56,-1,-1,-1
bin-1360,1,6400,14550,-1,-1,56,-1,-1,-1
bin-1361,1,6450,14550,-1,-1,56,-1,-1,-1
bin-1362,1,6500,14550,-1,-1,56,-1,-1,-1
bin-1363,1,6550,14550,-1,-1,56,-1,-1,-1
bin-1364,1,6600,14550,-1,-1,56,-1,-1,-1
bin-1365,1,6650,14550,-1,-1,56,-1,-1,-1
bin-1366,0,6700,14550,-1,-1,56,-1,-1,-1
bin-1367,0,6750,14550,-1,-1,56,-1,-1,-1
bin-1368,0,6800,14550,-1,-1,56,-1,-1,-1
bin-1369,0,6850,14550,-1,-1,56,-1,-1,-1
bin-1370,0,6900,14550,-1,-1,56,-1,-1,-1
bin-1371,0,6950,14550,-1,-1,56,-1,-1,-1
bin-1372,0,7000,14550,-1,-1,56,-1,-1,-1
bin-1373,0,7050,14550,-1,-1,56,-1,-1,-1
bin-1374,1,7100,14550,-1,-1,56,-1,-1,-1
bin-1375,1,7150,14550,-1,-1,56,-1,-1,-1
bin-1376,1,7200,14550,-1,-1,56,-1,-1,-1
bin-1377,1,7250,14550,-1,-1,56,-1,-1,-1
bin-1378,1,7300,14550,-1,-1,56,-1,-1,-1
bin-1379,0,7350,14550,-1,-1,56,-1,-1,-1
bin-1380,0,5100,14600,-1,-1,56,-1,-1,-1
bin-1381,0,5150,14600,-1,-1,56,-1,-1,-1
bin-1382,0,5200,14600,-1,-1,56,-1,-1,-1
bin-1383,0,5250,14600,-1,-1,56,-1,-1,-1
bin-1384,1,5300,14600,-1,-1,56,-1,-1,-1
bin-1385,1,5350,14600,-1,-1,56,-1,-1,-1
bin-1386,1,5400,14600,-1,-1,56,-1,-1,-1
bin-1387,1,5450,14600,-1,-1,56,-1,-1,-1
bin-1388,1,5500,14600,-1,-1,56,-1,-1,-1
bin-1389,1,5550,14600,-1,-1,56,-1,-1,-1
bin-1390,1,5600,14600,-1,-1,56,-1,-1,-1
bin-1391,1,5650,14600,-1,-1,56,-1,-1,-1
bin-1392,1,5700,14600,-1,-1,56,-1,-1,-1
bin-1393,1,5750,14600,-1,-1,56,-1,-1,-1
bin-1394,1,5800,14600,-1,-1,56,-1,-1,-1
bin-1395,1,5850,14600,-1,-1,56,-1,-1,-1
bin-1396,1,5900,14600,-1,-1,56,-1,-1,-1
bin-1397,1,5950,14600,-1,-1,56,-1,-1,-1
bin-1398,1,6000,14600,-1,-1,56,-1,-1,-1
bin-1399,1,6050,14600,-1,-1,56,-1,-1,-1
bin-1400,1,6100,14600,-1,-1,56,-1,-1,-1
bin-1401,1,6150,14600,-1,-1,56,-1,-1,-1
bin-1402,1,6200,14600,-1,-1,56,-1,-1,-1
bin-1403,1,6250,14600,-1,-1,56,-1,-1,-1
bin-1404,1,6300,14600,-1,-1,56,-1,-1,-1
bin-1405,1,6350,14600,-1,-1,56,-1,-1,-1
bin-1406,1,6400,14600,-1,-1,56,-1,-1,-1
bin-1407,1,6450,14600,-1,-1,56,-1,-1,-1
bin-1408,1,6500,14600,-1,-1,56,-1,-1,-1
bin-1409,1,6550,14600,-1,-1,56,-1,-1,-1
bin-1410,1,6600,14600,-1,-1,56,-1,-1,-1
bin-1411,0,6650,14600,-1,-1,56,-1,-1,-1
bin-1412,0,6700,14600,-1,-1,56,-1,-1,-1
bin-1413,0,6750,14600,-1,-1,56,-1,-1,-1
bin-1414,0,6800,14600,-1,-1,56,-1,-1,-1
bin-1415,0,6850,14600,-1,-1,56,-1,-1,-1
bin-1416,0,6900,14600,-1,-1,56,-1,-1,-1
bin-1417,0,6950,14600,-1,-1,56,-1,-1,-1
bin-1418,0,7000,14600,-1,-1,56,-1,-1,-1
bin-1419,1,7050,14600,-1,-1,56,-1,-1,-1
bin-1420,1,7100,14600,-1,-1,56,-1,-1,-1
bin-1421,1,7150,14600,-1,-1,56,-1,-1,-1
bin-1422,1,7200,14600,-1,-1,56,-1,-1,-1
bin-1423,1,7250,14600,-1,-1,56,-1,-1,-1
bin-1424,1,7300,14600,-1,-1,56,-1,-1,-1
bin-1425,1,7350,14600,-1,-1,56,-1,-1,-1
bin-1426,0,5100,14650,-1,-1,56,-1,-1,-1
bin-1427,0,5150,14650,-1,-1,56,-1,-1,-1
bin-1428,0,5200,14650,-1,-1,56,-1,-1,-1
bin-1429,0,5250,14650,-1,-1,56,-1,-1,-1
bin-1430,1,5300,14650,-1,-1,56,-1,-1,-1
bin-1431,1,5350,14650,-1,-1,56,-1,-1,-1
bin-1432,1,5400,14650,-1,-1,56,-1,-1,-1
bin-1433,1,5450,14650,-1,-1,56,-1,-1,-1
bin-1434,1,5500,14650,-1,-1,56,-1,-1,-1
bin-1435,1,5550,14650,-1,-1,56,-1,-1,-1
bin-1436,1,5600,14650,-1,-1,56,-1,-1,-1
bin-1437,1,5650,14650,-1,-1,56,-1,-1,-1
bin-1438,1,5700,14650,-1,-1,56,-1,-1,-1
bin-1439,1,5750,14650,-1,-1,56,-1,-1,-1
bin-1440,1,5800,14650,-1,-1,56,-1,-1,-1
bin-1441,1,5850,14650,-1,-1,56,-1,-1,-1
bin-1442,1,5900,14650,-1,-1,56,-1,-1,-1
bin-1443,1,5950,14650,-1,-1,56,-1,-1,-1
bin-1444,1,6000,14650,-1,-1,56,-1,-1,-1
bin-1445,1,6050,14650,-1,-1,56,-1,-1,-1
bin-1446,1,6100,14650,-1,-1,56,-1,-1,-1
bin-1447,1,6150,14650,-1,-1,56,-1,-1,-1
bin-1448,1,6200,14650,-1,-1,56,-1,-1,-1
bin-1449,1,6250,14650,-1,-1,56,-1,-1,-1
bin-1450,1,6300,14650,-1,-1,56,-1,-1,-1
bin-1451,1,6350,14650,-1,-1,56,-1,-1,-1
bin-1452,1,6400,14650,-1,-1,56,-1,-1,-1
bin-1453,1,6450,14650,-1,-1,56,-1,-1,-1
bin-1454,1,6500,14650,-1,-1,56,-1,-1,-1
bin-1455,1,6550,14650,-1,-1,56,-1,-1,-1
bin-1456,0,6600,14650,-1,-1,56,-1,-1,-1
bin-1457,0,6650,14650,-1,-1,56,-1,-1,-1
bin-1458,0,6700,14650,-1,-1,56,-1,-1,-1
bin-1459,0,6750,14650,-1,-1,56,-1,-1,-1
bin-1460,0,6800,14650,-1,-1,56,-1,-1,-1
bin-1461,0,6850,14650,-1,-1,56,-1,-1,-1
bin-1462,0,6900,14650,-1,-1,56,-1,-1,-1
bin-1463,1,6950,14650,-1,-1,56,-1,-1,-1
bin-1464,1,7000,14650,-1,-1,56,-1,-1,-1
bin-1465,1,7050,14650,-1,-1,56,-1,-1,-1
bin-1466,1,7100,14650,-1,-1,56,-1,-1,-1
bin-1467,1,7150,14650,-1,-1,56,-1,-1,-1
bin-1468,1,7200,14650,-1,-1,56,-1,-1,-1
bin-1469,1,7250,14650,-1,-1,56,-1,-1,-1
bin-1470,1,7300,14650,-1,-1,56,-1,-1,-1
bin-1471,1,7350,14650,-1,-1,56,-1,-1,-1
bin-1472,0,5100,14700,-1,-1,56,-1,-1,-1
bin-1473,0,5150,14700,-1,-1,56,-1,-1,-1
bin-1474,0,5200,14700,-1,-1,56,-1,-1,-1
bin-1475,0,5250,14700,-1,-1,56,-1,-1,-1
bin-1476,0,5300,14700,-1,-1,56,-1,-1,-1
bin-1477,0,5350,14700,-1,-1,56,-1,-1,-1
bin-1478,1,5400,14700,-1,-1,56,-1,-1,-1
bin-1479,1,5450,14700,-1,-1,56,-1,-1,-1
bin-1480,1,5500,14700,-1,-1,56,-1,-1,-1
bin-1481,1,5550,14700,-1,-1,56,-1,-1,-1
bin-1482,1,5600,14700,-1,-1,56,-1,-1,-1
bin-1483,1,5650,14700,-1,-1,56,-1,-1,-1
bin-1484,1,5700,14700,-1,-1,56,-1,-1,-1
bin-1485,1,5750,14700,-1,-1,56,-1,-1,-1
bin-1486,1,5800,14700,-1,-1,56,-1,-1,-1
bin-1487,1,5850,14700,-1,-1,56,-1,-1,-1
bin-1488,1,5900,14700,-1,-1,56,-1,-1,-1
bin-1489,1,5950,14700,-1,-1,56,-1,-1,-1
bin-1490,1,6000,14700,-1,-1,56,-1,-1,-1
bin-1491,1,6050,14700,-1,-1,56,-1,-1,-1
bin-1492,1,6100,14700,-1,-1,56,-1,-1,-1
bin-1493,1,6150,14700,-1,-1,56,-1,-1,-1
bin-1494,1,6200,14700,-1,-1,56,-1,-1,-1
bin-1495,1,6250,14700,-1,-1,56,-1,-1,-1
bin-1496,1,6300,14700,-1,-1,56,-1,-1,-1
bin-1497,1,6350,14700,-1,-1,56,-1,-1,-1
bin-1498,1,6400,14700,-1,-1,56,-1,-1,-1
bin-1499,1,6450,14700,-1,-1,56,-1,-1,-1
bin-1500,1,6500,14700,-1,-1,56,-1,-1,-1
bin-1501,1,6550,14700,-1,-1,56,-1,-1,-1
bin-1502,1,6600,14700,-1,-1,56,-1,-1,-1
bin-1503,1,6650,14700,-1,-1,56,-1,-1,-1
bin-1504,1,6700,14700,-1,-1,56,-1,-1,-1
bin-1505,1,6750,14700,-1,-1,56,-1,-1,-1
bin-1506,1,6800,14700,-1,-1,56,-1,-1,-1
bin-1507,1,6850,14700,-1,-1,56,-1,-1,-1
bin-1508,1,6900,14700,-1,-1,56,-1,-1,-1
bin-1509,1,6950,14700,-1,-1,56,-1,-1,-1
bin-1510,1,7000,14700,-1,-1,56,-1,-1,-1
bin-1511,1,7050,14700,-1,-1,56,-1,-1,-1
bin-1512,1,7100,14700,-1,-1,56,-1,-1,-1
bin-1513,1,7150,14700,-1,-1,56,-1,-1,-1
bin-1514,1,7200,14700,-1,-1,56,-1,-1,-1
bin-1515,1,7250,14700,-1,-1,56,-1,-1,-1
bin-1516,1,7300,14700,-1,-1,56,-1,-1,-1
bin-1517,1,7350,14700,-1,-1,56,-1,-1,-1
bin-1518,0,5100,14750,-1,-1,56,-1,-1,-1
bin-1519,0,5150,14750,-1,-1,56,-1,-1,-1
bin-1520,0,5200,14750,-1,-1,56,-1,-1,-1
bin-1521,0,5250,14750,-1,-1,56,-1,-1,-1
bin-1522,0,5300,14750,-1,-1,56,-1,-1,-1
bin-1523,0,5350,14750,-1,-1,56,-1,-1,-1
bin-1524,0,5400,14750,-1,-1,56,-1,-1,-1
bin-1525,1,5450,14750,-1,-1,56,-1,-1,-1
bin-1526,1,5500,14750,-1,-1,56,-1,-1,-1
bin-1527,1,5550,14750,-1,-1,56,-1,-1,-1
bin-1528,1,5600,14750,-1,-1,56,-1,-1,-1
bin-1529,1,5650,14750,-1,-1,56,-1,-1,-1
bin-1530,1,5700,14750,-1,-1,56,-1,-1,-1
bin-1531,1,5750,14750,-1,-1,56,-1,-1,-1
bin-1532,1,5800,14750,-1,-1,56,-1,-1,-1
bin-1533,1,5850,14750,-1,-1,56,-1,-1,-1
bin-1534,1,5900,14750,-1,-1,56,-1,-1,-1
bin-1535,1,5950,14750,-1,-1,56,-1,-1,-1
bin-1536,1,6000,14750,-1,-1,56,-1,-1,-1
bin-1537,1,6050,14750,-1,-1,56,-1,-1,-1
bin-1538,1,6100,14750,-1,-1,56,-1,-1,-1
bin-1539,1,6150,14750,-1,-1,56,-1,-1,-1
bin-1540,1,6200,14750,-1,-1,56,-1,-1,-1
bin-1541,1,6250,14750,-1,-1,56,-1,-1,-1
bin-1542,1,6300,14750,-1,-1,56,-1,-1,-1
bin-1543,1,6350,14750,-1,-1,56,-1,-1,-1
bin-1544,1,6400,14750,-1,-1,56,-1,-1,-1
bin-1545,1,6450,14750,-1,-1,56,-1,-1,-1
bin-1546,1,6500,14750,-1,-1,56,-1,-1,-1
bin-1547,1,6550,14750,-1,-1,56,-1,-1,-1
bin-1548,1,6600,14750,-1,-1,56,-1,-1,-1
bin-1549,1,6650,14750,-1,-1,56,-1,-1,-1
bin-1550,1,6700,14750,-1,-1,56,-1,-1,-1
bin-1551,1,6750,14750,-1,-1,56,-1,-1,-1
bin-1552,1,6800,14750,-1,-1,56,-1,-1,-1
bin-1553,1,6850,14750,-1,-1,56,-1,-1,-1
bin-1554,1,6900,14750,-1,-1,56,-1,-1,-1
bin-1555,1,6950,14750,-1,-1,56,-1,-1,-1
bin-1556,1,7000,14750,-1,-1,56,-1,-1,-1
bin-1557,1,7050,14750,-1,-1,56,-1,-1,-1
bin-1558,1,7100,14750,-1,-1,56,-1,-1,-1
bin-1559,1,7150,14750,-1,-1,56,-1,-1,-1
bin-1560,1,7200,14750,-1,-1,56,-1,-1,-1
bin-1561,1,7250,14750,-1,-1,56,-1,-1,-1
bin-1562,1,7300,14750,-1,-1,56,-1,-1,-1
bin-1563,1,7350,14750,-1,-1,56,-1,-1,-1
bin-1564,0,5100,14800,-1,-1,56,-1,-1,-1
bin-1565,0,5150,14800,-1,-1,56,-1,-1,-1
bin-1566,0,5200,14800,-1,-1,56,-1,-1,-1
bin-1567,0,5250,14800,-1,-1,56,-1,-1,-1
bin-1568,0,5300,14800,-1,-1,56,-1,-1,-1
bin-1569,0,5350,14800,-1,-1,56,-1,-1,-1
bin-1570,0,5400,14800,-1,-1,56,-1,-1,-1
bin-1571,0,5450,14800,-1,-1,56,-1,-1,-1
bin-1572,0,5500,14800,-1,-1,56,-1,-1,-1
bin-1573,1,5550,14800,-1,-1,56,-1,-1,-1
bin-1574,1,5600,14800,-1,-1,56,-1,-1,-1
bin-1575,1,5650,14800,-1,-1,56,-1,-1,-1
bin-1576,1,5700,14800,-1,-1,56,-1,-1,-1
bin-1577,1,5750,14800,-1,-1,56,-1,-1,-1
bin-1578,1,5800,14800,-1,-1,56,-1,-1,-1
bin-1579,1,5850,14800,-1,-1,56,-1,-1,-1
bin-1580,1,5900,14800,-1,-1,56,-1,-1,-1
bin-1581,1,5950,14800,-1,-1,56,-1,-1,-1
bin-1582,1,6000,14800,-1,-1,56,-1,-1,-1
bin-1583,1,6050,14800,-1,-1,56,-1,-1,-1
bin-1584,1,6100,14800,-1,-1,56,-1,-1,-1
bin-1585,1,6150,14800,-1,-1,56,-1,-1,-1
bin-1586,1,6200,14800,-1,-1,56,-1,-1,-1
bin-1587,1,6250,14800,-1,-1,56,-1,-1,-1
bin-1588,1,6300,14800,-1,-1,56,-1,-1,-1
bin-1589,1,6350,14800,-1,-1,56,-1,-1,-1
bin-1590,1,6400,14800,-1,-1,56,-1,-1,-1
bin-1591,1,6450,14800,-1,-1,56,-1,-1,-1
bin-1592,1,6500,14800,-1,-1,56,-1,-1,-1
bin-1593,1,6550,14800,-1,-1,56,-1,-1,-1
bin-1594,1,6600,14800,-1,-1,56,-1,-1,-1
bin-1595,1,6650,14800,-1,-1,56,-1,-1,-1
bin-1596,1,6700,14800,-1,-1,56,-1,-1,-1
bin-1597,1,6750,14800,-1,-1,56,-1,-1,-1
bin-1598,1,6800,14800,-1,-1,56,-1,-1,-1
bin-1599,1,6850,14800,-1,-1,56,-1,-1,-1
bin-1600,1,6900,14800,-1,-1,56,-1,-1,-1
bin-1601,1,6950,14800,-1,-1,56,-1,-1,-1
bin-1602,1,7000,14800,-1,-1,56,-1,-1,-1
bin-1603,1,7050,14800,-1,-1,56,-1,-1,-1
bin-1604,1,7100,14800,-1,-1,56,-1,-1,-1
bin-1605,1,7150,14800,-1,-1,56,-1,-1,-1
bin-1606,1,7200,14800,-1,-1,56,-1,-1,-1
bin-1607,1,7250,14800,-1,-1,56,-1,-1,-1
bin-1608,1,7300,14800,-1,-1,56,-1,-1,-1
bin-1609,1,7350,14800,-1,-1,56,-1,-1,-1
bin-1610,0,5100,14850,-1,-1,56,-1,-1,-1
bin-1611,0,5150,14850,-1,-1,56,-1,-1,-1
bin-1612,0,5200,14850,-1,-1,56,-1,-1,-1
bin-1613,0,5250,14850,-1,-1,56,-1,-1,-1
bin-1614,0,5300,14850,-1,-1,56,-1,-1,-1
bin-1615,0,5350,14850,-1,-1,56,-1,-1,-1
bin-1616,0,5400,14850,-1,-1,56,-1,-1,-1
bin-1617,0,5450,14850,-1,-1,56,-1,-1,-1
bin-1618,0,5500,14850,-1,-1,56,-1,-1,-1
bin-1619,0,5550,14850,-1,-1,56,-1,-1,-1
bin-1620,0,5600,14850,-1,-1,56,-1,-1,-1
bin-1621,0,5650,14850,-1,-1,56,-1,-1,-1
bin-1622,1,5700,14850,-1,-1,56,-1,-1,-1
bin-1623,1,5750,14850,-1,-1,56,-1,-1,-1
bin-1624,1,5800,14850,-1,-1,56,-1,-1,-1
bin-1625,1,5850,14850,-1,-1,56,-1,-1,-1
bin-1626,1,5900,14850,-1,-1,56,-1,-1,-1
bin-1627,1,5950,14850,-1,-1,56,-1,-1,-1
bin-1628,1,6000,14850,-1,-1,56,-1,-1,-1
bin-1629,1,6050,14850,-1,-1,56,-1,-1,-1
bin-1630,1,6100,14850,-1,-1,56,-1,-1,-1
bin-1631,1,6150,14850,-1,-1,56,-1,-1,-1
bin-1632,1,6200,14850,-1,-1,56,-1,-1,-1
bin-1633,1,6250,14850,-1,-1,56,-1,-1,-1
bin-1634,1,6300,14850,-1,-1,56,-1,-1,-1
bin-1635,1,6350,14850,-1,-1,56,-1,-1,-1
bin-1636,1,6400,14850,-1,-1,56,-1,-1,-1
bin-1637,1,6450,14850,-1,-1,56,-1,-1,-1
bin-1638,1,6500,14850,-1,-1,56,-1,-1,-1
bin-1639,1,6550,14850,-1,-1,56,-1,-1,-1
bin-1640,1,6600,14850,-1,-1,56,-1,-1,-1
bin-1641,1,6650,14850,-1,-1,56,-1,-1,-1
bin-1642,1,6700,14850,-1,-1,56,-1,-1,-1
bin-1643,1,6750,14850,-1,-1,56,-1,-1,-1
bin-1644,1,6800,14850,-1,-1,56,-1,-1,-1
bin-1645,1,6850,14850,-1,-1,56,-1,-1,-1
bin-1646,1,6900,14850,-1,-1,56,-1,-1,-1
bin-1647,1,6950,14850,-1,-1,56,-1,-1,-1
bin-1648,1,7000,14850,-1,-1,56,-1,-1,-1
bin-1649,1,7050,14850,-1,-1,56,-1,-1,-1
bin-1650,1,7100,14850,-1,-1,56,-1,-1,-1
bin-1651,1,7150,14850,-1,-1,56,-1,-1,-1
bin-1652,1,7200,14850,-1,-1,56,-1,-1,-1
bin-1653,1,7250,14850,-1,-1,56,-1,-1,-1
bin-1654,1,7300,14850,-1,-1,56,-1,-1,-1
bin-1655,1,7350,14850,-1,-1,56,-1,-1,-1
bin-1656,0,5100,14900,-1,-1,56,-1,-1,-1
bin-1657,0,5150,14900,-1,-1,56,-1,-1,-1
bin-1658,0,5200,14900,-1,-1,56,-1,-1,-1
bin-1659,0,5250,14900,-1,-1,56,-1,-1,-1
bin-1660,0,5300,14900,-1,-1,56,-1,-1,-1
bin-1661,0,5350,14900,-1,-1,56,-1,-1,-1
bin-1662,0,5400,14900,-1,-1,56,-1,-1,-1
bin-1663,0,5450,14900,-1,-1,56,-1,-1,-1
bin-1664,0,5500,14900,-1,-1,56,-1,-1,-1
bin-1665,0,5550,14900,-1,-1,56,-1,-1,-1
bin-1666,0,5600,14900,-1,-1,56,-1,-1,-1
bin-1667,1,5650,14900,-1,-1,56,-1,-1,-1
bin-1668,1,5700,14900,-1,-1,56,-1,-1,-1
bin-1669,1,5750,14900,-1,-1,56,-1,-1,-1
bin-1670,1,5800,14900,-1,-1,56,-1,-1,-1
bin-1671,1,5850,14900,-1,-1,56,-1,-1,-1
bin-1672,1,5900,14900,-1,-1,56,-1,-1,-1
bin-1673,1,5950,14900,-1,-1,56,-1,-1,-1
bin-1674,1,6000,14900,-1,-1,56,-1,-1,-1
bin-1675,1,6050,14900,-1,-1,56,-1,-1,-1
bin-1676,1,6100,14900,-1,-1,56,-1,-1,-1
bin-1677,1,6150,14900,-1,-1,56,-1,-1,-1
bin-1678,1,6200,14900,-1,-1,56,-1,-1,-1
bin-1679,1,6250,14900,-1,-1,56,-1,-1,-1
bin-1680,1,6300,14900,-1,-1,56,-1,-1,-1
bin-1681,1,6350,14900,-1,-1,56,-1,-1,-1
bin-1682,1,6400,14900,-1,-1,56,-1,-1,-1
bin-1683,1,6450,14900,-1,-1,56,-1,-1,-1
bin-1684,1,6500,14900,-1,-1,56,-1,-1,-1
bin-1685,1,6550,14900,-1,-1,56,-1,-1,-1
bin-1686,1,6600,14900,-1,-1,56,-1,-1,-1
bin-1687,1,6650,14900,-1,-1,56,-1,-1,-1
bin-1688,1,6700,14900,-1,-1,56,-1,-1,-1
bin-1689,1,6750,14900,-1,-1,56,-1,-1,-1
bin-1690,1,6800,14900,-1,-1,56,-1,-1,-1
bin-1691,1,6850,14900,-1,-1,56,-1,-1,-1
bin-1692,1,6900,14900,-1,-1,56,-1,-1,-1
bin-1693,1,6950,14900,-1,-1,56,-1,-1,-1
bin-1694,1,7000,14900,-1,-1,56,-1,-1,-1
bin-1695,1,7050,14900,-1,-1,56,-1,-1,-1
bin-1696,1,7100,14900,-1,-1,56,-1,-1,-1
bin-1697,1,7150,14900,-1,-1,56,-1,-1,-1
bin-1698,1,7200,14900,-1,-1,56,-1,-1,-1
bin-1699,1,7250,14900,-1,-1,56,-1,-1,-1
bin-1700,1,7300,14900,-1,-1,56,-1,-1,-1
bin-1701,1,7350,14900,-1,-1,56,-1,-1,-1
bin-1702,0,5100,14950,-1,-1,56,-1,-1,-1
bin-1703,0,5150,14950,-1,-1,56,-1,-1,-1
bin-1704,0,5200,14950,-1,-1,56,-1,-1,-1
bin-1705,0,5250,14950,-1,-1,56,-1,-1,-1
bin-1706,0,5300,14950,-1,-1,56,-1,-1,-1
bin-1707,0,5350,14950,-1,-1,56,-1,-1,-1
bin-1708,0,5400,14950,-1,-1,56,-1,-1,-1
bin-1709,0,5450,14950,-1,-1,56,-1,-1,-1
bin-1710,0,5500,14950,-1,-1,56,-1,-1,-1
bin-1711,0,5550,14950,-1,-1,56,-1,-1,-1
bin-1712,0,5600,14950,-1,-1,56,-1,-1,-1
bin-1713,1,5650,14950,-1,-1,56,-1,-1,-1
bin-1714,1,5700,14950,-1,-1,56,-1,-1,-1
bin-1715,1,5750,14950,-1,-1,56,-1,-1,-1
bin-1716,1,5800,14950,-1,-1,56,-1,-1,-1
bin-1717,1,5850,14950,-1,-1,56,-1,-1,-1
bin-1718,1,5900,14950,-1,-1,56,-1,-1,-1
bin-1719,1,5950,14950,-1,-1,56,-1,-1,-1
bin-1720,1,6000,14950,-1,-1,56,-1,-1,-1
bin-1721,1,6050,14950,-1,-1,56,-1,-1,-1
bin-1722,1,6100,14950,-1,-1,56,-1,-1,-1
bin-1723,1,6150,14950,-1,-1,56,-1,-1,-1
bin-1724,1,6200,14950,-1,-1,56,-1,-1,-1
bin-1725,1,6250,14950,-1,-1,56,-1,-1,-1
bin-1726,1,6300,14950,-1,-1,56,-1,-1,-1
bin-1727,1,6350,14950,-1,-1,56,-1,-1,-1
bin-1728,1,6400,14950,-1,-1,56,-1,-1,-1
bin-1729,1,6450,14950,-1,-1,56,-1,-1,-1
bin-1730,1,6500,14950,-1,-1,56,-1,-1,-1
bin-1731,1,6550,14950,-1,-1,56,-1,-1,-1
bin-1732,1,6600,14950,-1,-1,56,-1,-1,-1
bin-1733,1,6650,14950,-1,-1,56,-1,-1,-1
bin-1734,1,6700,14950,-1,-1,56,-1,-1,-1
bin-1735,1,6750,14950,-1,-1,56,-1,-1,-1
bin-1736,1,6800,14950,-1,-1,56,-1,-1,-1
bin-1737,1,6850,14950,-1,-1,56,-1,-1,-1
bin-1738,1,6900,14950,-1,-1,56,-1,-1,-1
bin-1739,1,6950,14950,-1,-1,56,-1,-1,-1
bin-1740,1,7000,14950,-1,-1,56,-1,-1,-1
bin-1741,1,7050,14950,-1,-1,56,-1,-1,-1
bin-1742,1,7100,14950,-1,-1,56,-1,-1,-1
bin-1743,1,7150,14950,-1,-1,56,-1,-1,-1
bin-1744,1,7200,14950,-1,-1,56,-1,-1,-1
bin-1745,1,7250,14950,-1,-1,56,-1,-1,-1
bin-1746,1,7300,14950,-1,-1,56,-1,-1,-1
bin-1747,1,7350,14950,-1,-1,56,-1,-1,-1
bin-1748,0,5100,15000,-1,-1,56,-1,-1,-1
bin-1749,0,5150,15000,-1,-1,56,-1,-1,-1
bin-1750,0,5200,15000,-1,-1,56,-1,-1,-1
bin-1751,0,5250,15000,-1,-1,56,-1,-1,-1
bin-1752,0,5300,15000,-1,-1,56,-1,-1,-1
bin-1753,0,5350,15000,-1,-1,56,-1,-1,-1
bin-1754,0,5400,15000,-1,-1,56,-1,-1,-1
bin-1755,0,5450,15000,-1,-1,56,-1,-1,-1
bin-1756,0,5500,15000,-1,-1,56,-1,-1,-1
bin-1757,0,5550,15000,-1,-1,56,-1,-1,-1
bin-1758,0,5600,15000,-1,-1,56,-1,-1,-1
bin-1759,1,5650,15000,-1,-1,56,-1,-1,-1
bin-1760,1,5700,15000,-1,-1,56,-1,-1,-1
bin-1761,1,5750,15000,-1,-1,56,-1,-1,-1
bin-1762,1,5800,15000,-1,-1,56,-1,-1,-1
bin-1763,1,5850,15000,-1,-1,56,-1,-1,-1
bin-1764,1,5900,15000,-1,-1,56,-1,-1,-1
bin-1765,1,5950,15000,-1,-1,56,-1,-1,-1
bin-1766,1,6000,15000,-1,-1,56,-1,-1,-1
bin-1767,1,6050,15000,-1,-1,56,-1,-1,-1
bin-1768,1,6100,15000,-1,-1,56,-1,-1,-1
bin-1769,1,6150,15000,-1,-1,56,-1,-1,-1
bin-1770,1,6200,15000,-1,-1,56,-1,-1,-1
bin-1771,1,6250,15000,-1,-1,56,-1,-1,-1
bin-1772,1,6300,15000,-1,-1,56,-1,-1,-1
bin-1773,1,6350,15000,-1,-1,56,-1,-1,-1
bin-1774,1,6400,15000,-1,-1,56,-1,-1,-1
bin-1775,1,6450,15000,-1,-1,56,-1,-1,-1
bin-1776,1,6500,15000,-1,-1,56,-1,-1,-1
bin-1777,1,6550,15000,-1,-1,56,-1,-1,-1
bin-1778,1,6600,15000,-1,-1,56,-1,-1,-1
bin-1779,1,6650,15000,-1,-1,56,-1,-1,-1
bin-1780,1,6700,15000,-1,-1,56,-1,-1,-1
bin-1781,1,6750,15000,-1,-1,56,-1,-1,-1
bin-1782,1,6800,15000,-1,-1,56,-1,-1,-1
bin-1783,1,6850,15000,-1,-1,56,-1,-1,-1
bin-1784,1,6900,15000,-1,-1,56,-1,-1,-1
bin-1785,1,6950,15000,-1,-1,56,-1,-1,-1
bin-1786,1,7000,15000,-1,-1,56,-1,-1,-1
bin-1787,1,7050,15000,-1,-1,56,-1,-1,-1
bin-1788,1,7100,15000,-1,-1,56,-1,-1,-1
bin-1789,1,7150,15000,-1,-1,56,-1,-1,-1
bin-1790,1,7200,15000,-1,-1,56,-1,-1,-1
bin-1791,1,7250,15000,-1,-1,56,-1,-1,-1
bin-1792,1,7300,15000,-1,-1,56,-1,-1,-1
bin-1793,1,7350,15000,-1,-1,56,-1,-1,-1
bin-1794,0,5100,15050,-1,-1,56,-1,-1,-1
bin-1795,0,5150,15050,-1,-1,56,-1,-1,-1
bin-1796,0,5200,15050,-1,-1,56,-1,-1,-1
bin-1797,0,5250,15050,-1,-1,56,-1,-1,-1
bin-1798,0,5300,15050,-1,-1,56,-1,-1,-1
bin-1799,0,5350,15050,-1,-1,56,-1,-1,-1
bin-1800,0,5400,15050,-1,-1,56,-1,-1,-1
bin-1801,0,5450,15050,-1,-1,56,-1,-1,-1
bin-1802,0,5500,15050,-1,-1,56,-1,-1,-1
bin-1803,0,5550,15050,-1,-1,56,-1,-1,-1
bin-1804,0,5600,15050,-1,-1,56,-1,-1,-1
bin-1805,1,5650,15050,-1,-1,56,-1,-1,-1
bin-1806,1,5700,15050,-1,-1,56,-1,-1,-1
bin-1807,1,5750,15050,-1,-1,56,-1,-1,-1
bin-1808,1,5800,15050,-1,-1,56,-1,-1,-1
bin-1809,1,5850,15050,-1,-1,56,-1,-1,-1
bin-1810,1,5900,15050,-1,-1,56,-1,-1,-1
bin-1811,1,5950,15050,-1,-1,56,-1,-1,-1
bin-1812,1,6000,15050,-1,-1,56,-1,-1,-1
bin-1813,1,6050,15050,-1,-1,56,-1,-1,-1
bin-1814,1,6100,15050,-1,-1,56,-1,-1,-1
bin-1815,1,6150,15050,-1,-1,56,-1,-1,-1
bin-1816,1,6200,15050,-1,-1,56,-1,-1,-1
bin-1817,1,6250,15050,-1,-1,56,-1,-1,-1
bin-1818,1,6300,15050,-1,-1,56,-1,-1,-1
bin-1819,1,6350,15050,-1,-1,56,-1,-1,-1
bin-1820,1,6400,15050,-1,-1,56,-1,-1,-1
bin-1821,1,6450,15050,-1,-1,56,-1,-1,-1
bin-1822,1,6500,15050,-1,-1,56,-1,-1,-1
bin-1823,1,6550,15050,-1,-1,56,-1,-1,-1
bin-1824,1,6600,15050,-1,-1,56,-1,-1,-1
bin-1825,1,6650,15050,-1,-1,56,-1,-1,-1
bin-1826,1,6700,15050,-1,-1,56,-1,-1,-1
bin-1827,1,6750,15050,-1,-1,56,-1,-1,-1
bin-1828,1,6800,15050,-1,-1,56,-1,-1,-1
bin-1829,1,6850,15050,-1,-1,56,-1,-1,-1
bin-1830,1,6900,15050,-1,-1,56,-1,-1,-1
bin-1831,1,6950,15050,-1,-1,56,-1,-1,-1
bin-1832,1,7000,15050,-1,-1,56,-1,-1,-1
bin-1833,1,7050,15050,-1,-1,56,-1,-1,-1
bin-1834,1,7100,15050,-1,-1,56,-1,-1,-1
bin-1835,1,7150,15050,-1,-1,56,-1,-1,-1
bin-1836,1,7200,15050,-1,-1,56,-1,-1,-1
bin-1837,1,7250,15050,-1,-1,56,-1,-1,-1
bin-1838,1,7300,15050,-1,-1,56,-1,-1,-1
bin-1839,1,7350,15050,-1,-1,56,-1,-1,-1
bin-1840,0,5100,15100,-1,-1,56,-1,-1,-1
bin-1841,0,5150,15100,-1,-1,56,-1,-1,-1
bin-1842,0,5200,15100,-1,-1,56,-1,-1,-1
bin-1843,0,5250,15100,-1,-1,56,-1,-1,-1
bin-1844,0,5300,15100,-1,-1,56,-1,-1,-1
bin-1845,0,5350,15100,-1,-1,56,-1,-1,-1
bin-1846,0,5400,15100,-1,-1,56,-1,-1,-1
bin-1847,0,5450,15100,-1,-1,56,-1,-1,-1
bin-1848,0,5500,15100,-1,-1,56,-1,-1,-1
bin-1849,0,5550,15100,-1,-1,56,-1,-1,-1
bin-1850,0,5600,15100,-1,-1,56,-1,-1,-1
bin-1851,1,5650,15100,-1,-1,56,-1,-1,-1
bin-1852,1,5700,15100,-1,-1,56,-1,-1,-1
bin-1853,1,5750,15100,-1,-1,56,-1,-1,-1
bin-1854,1,5800,15100,-1,-1,56,-1,-1,-1
bin-1855,1,5850,15100,-1,-1,56,-1,-1,-1
bin-1856,1,5900,15100,-1,-1,56,-1,-1,-1
bin-1857,1,5950,15100,-1,-1,56,-1,-1,-1
bin-1858,1,6000,15100,-1,-1,56,-1,-1,-1
bin-1859,1,6050,15100,-1,-1,56,-1,-1,-1
bin-1860,1,6100,15100,-1,-1,56,-1,-1,-1
bin-1861,1,6150,15100,-1,-1,56,-1,-1,-1
bin-1862,1,6200,15100,-1,-1,56,-1,-1,-1
bin-1863,1,6250,15100,-1,-1,56,-1,-1,-1
bin-1864,1,6300,15100,-1,-1,56,-1,-1,-1
bin-1865,1,6350,15100,-1,-1,56,-1,-1,-1
bin-1866,1,6400,15100,-1,-1,56,-1,-1,-1
bin-1867,1,6450,15100,-1,-1,56,-1,-1,-1
bin-1868,1,6500,15100,-1,-1,56,-1,-1,-1
bin-1869,1,6550,15100,-1,-1,56,-1,-1,-1
bin-1870,1,6600,15100,-1,-1,56,-1,-1,-1
bin-1871,1,6650,15100,-1,-1,56,-1,-1,-1
bin-1872,1,6700,15100,-1,-1,56,-1,-1,-1
bin-1873,1,6750,15100,-1,-1,56,-1,-1,-1
bin-1874,1,6800,15100,-1,-1,56,-1,-1,-1
bin-1875,1,6850,15100,-1,-1,56,-1,-1,-1
bin-1876,1,6900,15100,-1,-1,56,-1,-1,-1
bin-1877,1,6950,15100,-1,-1,56,-1,-1,-1
bin-1878,1,7000,15100,-1,-1,56,-1,-1,-1
bin-1879,1,7050,15100,-1,-1,56,-1,-1,-1
bin-1880,1,7100,15100,-1,-1,56,-1,-1,-1
bin-1881,1,7150,15100,-1,-1,56,-1,-1,-1
bin-1882,1,7200,15100,-1,-1,56,-1,-1,-1
bin-1883,1,7250,15100,-1,-1,56,-1,-1,-1
bin-1884,1,7300,15100,-1,-1,56,-1,-1,-1
bin-1885,1,7350,15100,-1,-1,56,-1,-1,-1
bin-1886,0,5100,15150,-1,-1,56,-1,-1,-1
bin-1887,0,5150,15150,-1,-1,56,-1,-1,-1
bin-1888,0,5200,15150,-1,-1,56,-1,-1,-1
bin-1889,0,5250,15150,-1,-1,56,-1,-1,-1
bin-1890,0,5300,15150,-1,-1,56,-1,-1,-1
bin-1891,0,5350,15150,-1,-1,56,-1,-1,-1
bin-1892,0,5400,15150,-1,-1,56,-1,-1,-1
bin-1893,0,5450,15150,-1,-1,56,-1,-1,-1
bin-1894,0,5500,15150,-1,-1,56,-1,-1,-1
bin-1895,0,5550,15150,-1,-1,56,-1,-1,-1
bin-1896,0,5600,15150,-1,-1,56,-1,-1,-1
bin-1897,1,5650,15150,-1,-1,56,-1,-1,-1
bin-1898,1,5700,15150,-1,-1,56,-1,-1,-1
bin-1899,1,5750,15150,-1,-1,56,-1,-1,-1
bin-1900,1,5800,15150,-1,-1,56,-1,-1,-1
bin-1901,1,5850,15150,-1,-1,56,-1,-1,-1
bin-1902,1,5900,15150,-1,-1,56,-1,-1,-1
bin-1903,1,5950,15150,-1,-1,56,-1,-1,-1
bin-1904,1,6000,15150,-1,-1,56,-1,-1,-1
bin-1905,1,6050,15150,-1,-1,56,-1,-1,-1
bin-1906,1,6100,15150,-1,-1,56,-1,-1,-1
bin-1907,1,6150,15150,-1,-1,56,-1,-1,-1
bin-1908,1,6200,15150,-1,-1,56,-1,-1,-1
bin-1909,1,6250,15150,-1,-1,56,-1,-1,-1
bin-1910,1,6300,15150,-1,-1,56,-1,-1,-1
bin-1911,1,6350,15150,-1,-1,56,-1,-1,-1
bin-1912,1,6400,15150,-1,-1,56,-1,-1,-1
bin-1913,1,6450,15150,-1,-1,56,-1,-1,-1
bin-1914,1,6500,15150,-1,-1,56,-1,-1,-1
bin-1915,1,6550,15150,-1,-1,56,-1,-1,-1
bin-1916,1,6600,15150,-1,-1,56,-1,-1,-1
bin-1917,1,6650,15150,-1,-1,56,-1,-1,-1
bin-1918,1,6700,15150,-1,-1,56,-1,-1,-1
bin-1919,1,6750,15150,-1,-1,56,-1,-1,-1
bin-1920,1,6800,15150,-1,-1,56,-1,-1,-1
bin-1921,1,6850,15150,-1,-1,56,-1,-1,-1
bin-1922,1,6900,15150,-1,-1,56,-1,-1,-1
bin-1923,1,6950,15150,-1,-1,56,-1,-1,-1
bin-1924,1,7000,15150,-1,-1,56,-1,-1,-1
bin-1925,1,7050,15150,-1,-1,56,-1,-1,-1
bin-1926,1,7100,15150,-1,-1,56,-1,-1,-1
bin-1927,1,7150,15150,-1,-1,56,-1,-1,-1
bin-1928,1,7200,15150,-1,-1,56,-1,-1,-1
bin-1929,1,7250,15150,-1,-1,56,-1,-1,-1
bin-1930,1,7300,15150,-1,-1,56,-1,-1,-1
bin-1931,1,7350,15150,-1,-1,56,-1,-1,-1
bin-1932,0,5100,15200,-1,-1,56,-1,-1,-1
bin-1933,0,5150,15200,-1,-1,56,-1,-1,-1
bin-1934,0,5200,15200,-1,-1,56,-1,-1,-1
bin-1935,0,5250,15200,-1,-1,56,-1,-1,-1
bin-1936,0,5300,15200,-1,-1,56,-1,-1,-1
bin-1937,0,5350,15200,-1,-1,56,-1,-1,-1
bin-1938,0,5400,15200,-1,-1,56,-1,-1,-1
bin-1939,0,5450,15200,-1,-1,56,-1,-1,-1
bin-1940,0,5500,15200,-1,-1,56,-1,-1,-1
bin-1941,0,5550,15200,-1,-1,56,-1,-1,-1
bin-1942,0,5600,15200,-1,-1,56,-1,-1,-1
bin-1943,1,5650,15200,-1,-1,56,-1,-1,-1
bin-1944,1,5700,15200,-1,-1,56,-1,-1,-1
bin-1945,1,5750,15200,-1,-1,56,-1,-1,-1
bin-1946,1,5800,15200,-1,-1,56,-1,-1,-1
bin-1947,1,5850,15200,-1,-1,56,-1,-1,-1
bin-1948,1,5900,15200,-1,-1,56,-1,-1,-1
bin-1949,1,5950,15200,-1,-1,56,-1,-1,-1
bin-1950,1,6000,15200,-1,-1,56,-1,-1,-1
bin-1951,1,6050,15200,-1,-1,56,-1,-1,-1
bin-1952,1,6100,15200,-1,-1,56,-1,-1,-1
bin-1953,1,6150,15200,-1,-1,56,-1,-1,-1
bin-1954,1,6200,15200,-1,-1,56,-1,-1,-1
bin-1955,1,6250,15200,-1,-1,56,-1,-1,-1
bin-1956,1,6300,15200,-1,-1,56,-1,-1,-1
bin-1957,1,6350,15200,-1,-1,56,-1,-1,-1
bin-1958,1,6400,15200,-1,-1,56,-1,-1,-1
bin-1959,1,6450,15200,-1,-1,56,-1,-1,-1
bin-1960,1,6500,15200,-1,-1,56,-1,-1,-1
bin-1961,1,6550,15200,-1,-1,56,-1,-1,-1
bin-1962,1,6600,15200,-1,-1,56,-1,-1,-1
bin-1963,1,6650,15200,-1,-1,56,-1,-1,-1
bin-1964,1,6700,15200,-1,-1,56,-1,-1,-1
bin-1965,1,6750,15200,-1,-1,56,-1,-1,-1
bin-1966,1,6800,15200,-1,-1,56,-1,-1,-1
bin-1967,1,6850,15200,-1,-1,56,-1,-1,-1
bin-1968,1,6900,15200,-1,-1,56,-1,-1,-1
bin-1969,1,6950,15200,-1,-1,56,-1,-1,-1
bin-1970,1,7000,15200,-1,-1,56,-1,-1,-1
bin-1971,1,7050,15200,-1,-1,56,-1,-1,-1
bin-1972,1,7100,15200,-1,-1,56,-1,-1,-1
bin-1973,1,7150,15200,-1,-1,56,-1,-1,-1
bin-1974,1,7200,15200,-1,-1,56,-1,-1,-1
bin-1975,1,7250,15200,-1,-1,56,-1,-1,-1
bin-1976,1,7300,15200,-1,-1,56,-1,-1,-1
bin-1977,1,7350,15200,-1,-1,56,-1,-1,-1
bin-1978,0,5100,15250,-1,-1,56,-1,-1,-1
bin-1979,0,5150,15250,-1,-1,56,-1,-1,-1
bin-1980,0,5200,15250,-1,-1,56,-1,-1,-1
bin-1981,0,5250,15250,-1,-1,56,-1,-1,-1
bin-1982,0,5300,15250,-1,-1,56,-1,-1,-1
bin-1983,0,5350,15250,-1,-1,56,-1,-1,-1
bin-1984,0,5400,15250,-1,-1,56,-1,-1,-1
bin-1985,0,5450,15250,-1,-1,56,-1,-1,-1
bin-1986,0,5500,15250,-1,-1,56,-1,-1,-1
bin-1987,0,5550,15250,-1,-1,56,-1,-1,-1
bin-1988,0,5600,15250,-1,-1,56,-1,-1,-1
bin-1989,1,5650,15250,-1,-1,56,-1,-1,-1
bin-1990,1,5700,15250,-1,-1,56,-1,-1,-1
bin-1991,1,5750,15250,-1,-1,56,-1,-1,-1
bin-1992,1,5800,15250,-1,-1,56,-1,-1,-1
bin-1993,1,5850,15250,-1,-1,56,-1,-1,-1
bin-1994,1,5900,15250,-1,-1,56,-1,-1,-1
bin-1995,1,5950,15250,-1,-1,56,-1,-1,-1
bin-1996,1,6000,15250,-1,-1,56,-1,-1,-1
bin-1997,1,6050,15250,-1,-1,56,-1,-1,-1
bin-1998,1,6100,15250,-1,-1,56,-1,-1,-1
bin-1999,1,6150,15250,-1,-1,56,-1,-1,-1
bin-2000,1,6200,15250,-1,-1,56,-1,-1,-1
bin-2001,1,6250,15250,-1,-1,56,-1,-1,-1
bin-2002,1,6300,15250,-1,-1,56,-1,-1,-1
bin-2003,1,6350,15250,-1,-1,56,-1,-1,-1
bin-2004,1,6400,15250,-1,-1,56,-1,-1,-1
bin-2005,1,6450,15250,-1,-1,56,-1,-1,-1
bin-2006,1,6500,15250,-1,-1,56,-1,-1,-1
bin-2007,1,6550,15250,-1,-1,56,-1,-1,-1
bin-2008,1,6600,15250,-1,-1,56,-1,-1,-1
bin-2009,1,6650,15250,-1,-1,56,-1,-1,-1
bin-2010,1,6700,15250,-1,-1,56,-1,-1,-1
bin-2011,1,6750,15250,-1,-1,56,-1,-1,-1
bin-2012,1,6800,15250,-1,-1,56,-1,-1,-1
bin-2013,1,6850,15250,-1,-1,56,-1,-1,-1
bin-2014,1,6900,15250,-1,-1,56,-1,-1,-1
bin-2015,1,6950,15250,-1,-1,56,-1,-1,-1
bin-2016,1,7000,15250,-1,-1,56,-1,-1,-1
bin-2017,1,7050,15250,-1,-1,56,-1,-1,-1
bin-2018,1,7100,15250,-1,-1,56,-1,-1,-1
bin-2019,1,7150,15250,-1,-1,56,-1,-1,-1
bin-2020,1,7200,15250,-1,-1,56,-1,-1,-1
bin-2021,1,7250,15250,-1,-1,56,-1,-1,-1
bin-2022,1,7300,15250,-1,-1,56,-1,-1,-1
bin-2023,0,7350,15250,-1,-1,56,-1,-1,-1
bin-2024,0,5100,15300,-1,-1,56,-1,-1,-1
bin-2025,0,5150,15300,-1,-1,56,-1,-1,-1
bin-2026,0,5200,15300,-1,-1,56,-1,-1,-1
bin-2027,0,5250,15300,-1,-1,56,-1,-1,-1
bin-2028,0,5300,15300,-1,-1,56,-1,-1,-1
bin-2029,0,5350,15300,-1,-1,56,-1,-1,-1
bin-2030,0,5400,15300,-1,-1,56,-1,-1,-1
bin-2031,0,5450,15300,-1,-1,56,-1,-1,-1
bin-2032,0,5500,15300,-1,-1,56,-1,-1,-1
bin-2033,0,5550,15300,-1,-1,56,-1,-1,-1
bin-2034,0,5600,15300,-1,-1,56,-1,-1,-1
bin-2035,0,5650,15300,-1,-1,56,-1,-1,-1
bin-2036,1,5700,15300,-1,-1,56,-1,-1,-1
bin-2037,1,5750,15300,-1,-1,56,-1,-1,-1
bin-2038,1,5800,15300,-1,-1,56,-1,-1,-1
bin-2039,1,5850,15300,-1,-1,56,-1,-1,-1
bin-2040,1,5900,15300,-1,-1,56,-1,-1,-1
bin-2041,1,5950,15300,-1,-1,56,-1,-1,-1
bin-2042,1,6000,15300,-1,-1,56,-1,-1,-1
bin-2043,1,6050,15300,-1,-1,56,-1,-1,-1
bin-2044,1,6100,15300,-1,-1,56,-1,-1,-1
bin-2045,1,6150,15300,-1,-1,56,-1,-1,-1
bin-2046,1,6200,15300,-1,-1,56,-1,-1,-1
bin-2047,1,6250,15300,-1,-1,56,-1,-1,-1
bin-2048,1,6300,15300,-1,-1,56,-1,-1,-1
bin-2049,1,6350,15300,-1,-1,56,-1,-1,-1
bin-2050,1,6400,15300,-1,-1,56,-1,-1,-1
bin-2051,1,6450,15300,-1,-1,56,-1,-1,-1
bin-2052,1,6500,15300,-1,-1,56,-1,-1,-1
bin-2053,1,6550,15300,-1,-1,56,-1,-1,-1
bin-2054,1,6600,15300,-1,-1,56,-1,-1,-1
bin-2055,1,6650,15300,-1,-1,56,-1,-1,-1
bin-2056,1,6700,15300,-1,-1,56,-1,-1,-1
bin-2057,1,6750,15300,-1,-1,56,-1,-1,-1
bin-2058,1,6800,15300,-1,-1,56,-1,-1,-1
bin-2059,1,6850,15300,-1,-1,56,-1,-1,-1
bin-2060,1,6900,15300,-1,-1,56,-1,-1,-1
bin-2061,1,6950,15300,-1,-1,56,-1,-1,-1
bin-2062,1,7000,15300,-1,-1,56,-1,-1,-1
bin-2063,1,7050,15300,-1,-1,56,-1,-1,-1
bin-2064,1,7100,15300,-1,-1,56,-1,-1,-1
bin-2065,1,7150,15300,-1,-1,56,-1,-1,-1
bin-2066,1,7200,15300,-1,-1,56,-1,-1,-1
bin-2067,1,7250,15300,-1,-1,56,-1,-1,-1
bin-2068,0,7300,15300,-1,-1,56,-1,-1,-1
bin-2069,0,7350,15300,-1,-1,56,-1,-1,-1
bin-2070,0,5100,15350,-1,-1,56,-1,-1,-1
bin-2071,0,5150,15350,-1,-1,56,-1,-1,-1
bin-2072,0,5200,15350,-1,-1,56,-1,-1,-1
bin-2073,0,5250,15350,-1,-1,56,-1,-1,-1
bin-2074,0,5300,15350,-1,-1,56,-1,-1,-1
bin-2075,0,5350,15350,-1,-1,56,-1,-1,-1
bin-2076,0,5400,15350,-1,-1,56,-1,-1,-1
bin-2077,0,5450,15350,-1,-1,56,-1,-1,-1
bin-2078,0,5500,15350,-1,-1,56,-1,-1,-1
bin-2079,0,5550,15350,-1,-1,56,-1,-1,-1
bin-2080,0,5600,15350,-1,-1,56,-1,-1,-1
bin-2081,0,5650,15350,-1,-1,56,-1,-1,-1
bin-2082,1,5700,15350,-1,-1,56,-1,-1,-1
bin-2083,1,5750,15350,-1,-1,56,-1,-1,-1
bin-2084,1,5800,15350,-1,-1,56,-1,-1,-1
bin-2085,1,5850,15350,-1,-1,56,-1,-1,-1
bin-2086,1,5900,15350,-1,-1,56,-1,-1,-1
bin-2087,1,5950,15350,-1,-1,56,-1,-1,-1
bin-2088,1,6000,15350,-1,-1,56,-1,-1,-1
bin-2089,1,6050,15350,-1,-1,56,-1,-1,-1
bin-2090,1,6100,15350,-1,-1,56,-1,-1,-1
bin-2091,1,6150,15350,-1,-1,56,-1,-1,-1
bin-2092,1,6200,15350,-1,-1,56,-1,-1,-1
bin-2093,1,6250,15350,-1,-1,56,-1,-1,-1
bin-2094,1,6300,15350,-1,-1,56,-1,-1,-1
bin-2095,1,6350,15350,-1,-1,56,-1,-1,-1
bin-2096,1,6400,15350,-1,-1,56,-1,-1,-1
bin-2097,1,6450,15350,-1,-1,56,-1,-1,-1
bin-2098,1,6500,15350,-1,-1,56,-1,-1,-1
bin-2099,1,6550,15350,-1,-1,56,-1,-1,-1
bin-2100,1,6600,15350,-1,-1,56,-1,-1,-1
bin-2101,1,6650,15350,-1,-1,56,-1,-1,-1
bin-2102,1,6700,15350,-1,-1,56,-1,-1,-1
bin-2103,1,6750,15350,-1,-1,56,-1,-1,-1
bin-2104,1,6800,15350,-1,-1,56,-1,-1,-1
bin-2105,1,6850,15350,-1,-1,56,-1,-1,-1
bin-2106,1,6900,15350,-1,-1,56,-1,-1,-1
bin-2107,1,6950,15350,-1,-1,56,-1,-1,-1
bin-2108,1,7000,15350,-1,-1,56,-1,-1,-1
bin-2109,1,7050,15350,-1,-1,56,-1,-1,-1
bin-2110,1,7100,15350,-1,-1,56,-1,-1,-1
bin-2111,1,7150,15350,-1,-1,56,-1,-1,-1
bin-2112,1,7200,15350,-1,-1,56,-1,-1,-1
bin-2113,0,7250,15350,-1,-1,56,-1,-1,-1
bin-2114,0,7300,15350,-1,-1,56,-1,-1,-1
bin-2115,0,7350,15350,-1,-1,56,-1,-1,-1
bin-2116,0,5100,15400,-1,-1,56,-1,-1,-1
bin-2117,0,5150,15400,-1,-1,56,-1,-1,-1
bin-2118,0,5200,15400,-1,-1,56,-1,-1,-1
bin-2119,0,5250,15400,-1,-1,56,-1,-1,-1
bin-2120,0,5300,15400,-1,-1,56,-1,-1,-1
bin-2121,0,5350,15400,-1,-1,56,-1,-1,-1
bin-2122,0,5400,15400,-1,-1,56,-1,-1,-1
bin-2123,0,5450,15400,-1,-1,56,-1,-1,-1
bin-2124,0,5500,15400,-1,-1,56,-1,-1,-1
bin-2125,0,5550,15400,-1,-1,56,-1,-1,-1
bin-2126,0,5600,15400,-1,-1,56,-1,-1,-1
bin-2127,0,5650,15400,-1,-1,56,-1,-1,-1
bin-2128,0,5700,15400,-1,-1,56,-1,-1,-1
bin-2129,1,5750,15400,-1,-1,56,-1,-1,-1
bin-2130,1,5800,15400,-1,-1,56,-1,-1,-1
bin-2131,1,5850,15400,-1,-1,56,-1,-1,-1
bin-2132,1,5900,15400,-1,-1,56,-1,-1,-1
bin-2133,1,5950,15400,-1,-1,56,-1,-1,-1
bin-2134,1,6000,15400,-1,-1,56,-1,-1,-1
bin-2135,1,6050,15400,-1,-1,56,-1,-1,-1
bin-2136,1,6100,15400,-1,-1,56,-1,-1,-1
bin-2137,1,6150,15400,-1,-1,56,-1,-1,-1
bin-2138,1,6200,15400,-1,-1,56,-1,-1,-1
bin-2139,1,6250,15400,-1,-1,56,-1,-1,-1
bin-2140,1,6300,15400,-1,-1,56,-1,-1,-1
bin-2141,1,6350,15400,-1,-1,56,-1,-1,-1
bin-2142,1,6400,15400,-1,-1,56,-1,-1,-1
bin-2143,1,6450,15400,-1,-1,56,-1,-1,-1
bin-2144,1,6500,15400,-1,-1,56,-1,-1,-1
bin-2145,1,6550,15400,-1,-1,56,-1,-1,-1
bin-2146,1,6600,15400,-1,-1,56,-1,-1,-1
bin-2147,1,6650,15400,-1,-1,56,-1,-1,-1
bin-2148,1,6700,15400,-1,-1,56,-1,-1,-1
bin-2149,1,6750,15400,-1,-1,56,-1,-1,-1
bin-2150,1,6800,15400,-1,-1,56,-1,-1,-1
bin-2151,1,6850,15400,-1,-1,56,-1,-1,-1
bin-2152,1,6900,15400,-1,-1,56,-1,-1,-1
bin-2153,1,6950,15400,-1,-1,56,-1,-1,-1
bin-2154,1,7000,15400,-1,-1,56,-1,-1,-1
bin-2155,1,7050,15400,-1,-1,56,-1,-1,-1
bin-2156,1,7100,15400,-1,-1,56,-1,-1,-1
bin-2157,1,7150,15400,-1,-1,56,-1,-1,-1
bin-2158,1,7200,15400,-1,-1,56,-1,-1,-1
bin-2159,0,7250,15400,-1,-1,56,-1,-1,-1
bin-2160,0,7300,15400,-1,-1,56,-1,-1,-1
bin-2161,0,7350,15400,-1,-1,56,-1,-1,-1
bin-2162,0,5100,15450,-1,-1,56,-1,-1,-1
bin-2163,0,5150,15450,-1,-1,56,-1,-1,-1
bin-2164,0,5200,15450,-1,-1,56,-1,-1,-1
bin-2165,0,5250,15450,-1,-1,56,-1,-1,-1
bin-2166,0,5300,15450,-1,-1,56,-1,-1,-1
bin-2167,0,5350,15450,-1,-1,56,-1,-1,-1
bin-2168,0,5400,15450,-1,-1,56,-1,-1,-1
bin-2169,0,5450,15450,-1,-1,56,-1,-1,-1
bin-2170,0,5500,15450,-1,-1,56,-1,-1,-1
bin-2171,0,5550,15450,-1,-1,56,-1,-1,-1
bin-2172,0,5600,15450,-1,-1,56,-1,-1,-1
bin-2173,0,5650,15450,-1,-1,56,-1,-1,-1
bin-2174,0,5700,15450,-1,-1,56,-1,-1,-1
bin-2175,0,5750,15450,-1,-1,56,-1,-1,-1
bin-2176,0,5800,15450,-1,-1,56,-1,-1,-1
bin-2177,1,5850,15450,-1,-1,56,-1,-1,-1
bin-2178,1,5900,15450,-1,-1,56,-1,-1,-1
bin-2179,1,5950,15450,-1,-1,56,-1,-1,-1
bin-2180,1,6000,15450,-1,-1,56,-1,-1,-1
bin-2181,1,6050,15450,-1,-1,56,-1,-1,-1
bin-2182,1,6100,15450,-1,-1,56,-1,-1,-1
bin-2183,1,6150,15450,-1,-1,56,-1,-1,-1
bin-2184,1,6200,15450,-1,-1,56,-1,-1,-1
bin-2185,1,6250,15450,-1,-1,56,-1,-1,-1
bin-2186,1,6300,15450,-1,-1,56,-1,-1,-1
bin-2187,1,6350,15450,-1,-1,56,-1,-1,-1
bin-2188,1,6400,15450,-1,-1,56,-1,-1,-1
bin-2189,1,6450,15450,-1,-1,56,-1,-1,-1
bin-2190,1,6500,15450,-1,-1,56,-1,-1,-1
bin-2191,1,6550,15450,-1,-1,56,-1,-1,-1
bin-2192,1,6600,15450,-1,-1,56,-1,-1,-1
bin-2193,1,6650,15450,-1,-1,56,-1,-1,-1
bin-2194,1,6700,15450,-1,-1,56,-1,-1,-1
bin-2195,1,6750,15450,-1,-1,56,-1,-1,-1
bin-2196,1,6800,15450,-1,-1,56,-1,-1,-1
bin-2197,1,6850,15450,-1,-1,56,-1,-1,-1
bin-2198,1,6900,15450,-1,-1,56,-1,-1,-1
bin-2199,1,6950,15450,-1,-1,56,-1,-1,-1
bin-2200,1,7000,15450,-1,-1,56,-1,-1,-1
bin-2201,1,7050,15450,-1,-1,56,-1,-1,-1
bin-2202,1,7100,15450,-1,-1,56,-1,-1,-1
bin-2203,1,7150,15450,-1,-1,56,-1,-1,-1
bin-2204,0,7200,15450,-1,-1,56,-1,-1,-1
bin-2205,0,7250,15450,-1,-1,56,-1,-1,-1
bin-2206,0,7300,15450,-1,-1,56,-1,-1,-1
bin-2207,0,7350,15450,-1,-1,56,-1,-1,-1
bin-2208,0,5100,15500,-1,-1,56,-1,-1,-1
bin-2209,0,5150,15500,-1,-1,56,-1,-1,-1
bin-2210,0,5200,15500,-1,-1,56,-1,-1,-1
bin-2211,0,5250,15500,-1,-1,56,-1,-1,-1
bin-2212,0,5300,15500,-1,-1,56,-1,-1,-1
bin-2213,0,5350,15500,-1,-1,56,-1,-1,-1
bin-2214,0,5400,15500,-1,-1,56,-1,-1,-1
bin-2215,0,5450,15500,-1,-1,56,-1,-1,-1
bin-2216,0,5500,15500,-1,-1,56,-1,-1,-1
bin-2217,0,5550,15500,-1,-1,56,-1,-1,-1
bin-2218,0,5600,15500,-1,-1,56,-1,-1,-1
bin-2219,0,5650,15500,-1,-1,56,-1,-1,-1
bin-2220,0,5700,15500,-1,-1,56,-1,-1,-1
bin-2221,0,5750,15500,-1,-1,56,-1,-1,-1
bin-2222,0,5800,15500,-1,-1,56,-1,-1,-1
bin-2223,0,5850,15500,-1,-1,56,-1,-1,-1
bin-2224,1,5900,15500,-1,-1,56,-1,-1,-1
bin-2225,1,5950,15500,-1,-1,56,-1,-1,-1
bin-2226,1,6000,15500,-1,-1,56,-1,-1,-1
bin-2227,1,6050,15500,-1,-1,56,-1,-1,-1
bin-2228,1,6100,15500,-1,-1,56,-1,-1,-1
bin-2229,1,6150,15500,-1,-1,56,-1,-1,-1
bin-2230,1,6200,15500,-1,-1,56,-1,-1,-1
bin-2231,1,6250,15500,-1,-1,56,-1,-1,-1
bin-2232,1,6300,15500,-1,-1,56,-1,-1,-1
bin-2233,1,6350,15500,-1,-1,56,-1,-1,-1
bin-2234,1,6400,15500,-1,-1,56,-1,-1,-1
bin-2235,1,6450,15500,-1,-1,56,-1,-1,-1
bin-2236,1,6500,15500,-1,-1,56,-1,-1,-1
bin-2237,1,6550,15500,-1,-1,56,-1,-1,-1
bin-2238,1,6600,15500,-1,-1,56,-1,-1,-1
bin-2239,1,6650,15500,-1,-1,56,-1,-1,-1
bin-2240,1,6700,15500,-1,-1,56,-1,-1,-1
bin-2241,1,6750,15500,-1,-1,56,-1,-1,-1
bin-2242,1,6800,15500,-1,-1,56,-1,-1,-1
bin-2243,1,6850,15500,-1,-1,56,-1,-1,-1
bin-2244,1,6900,15500,-1,-1,56,-1,-1,-1
bin-2245,1,6950,15500,-1,-1,56,-1,-1,-1
bin-2246,1,7000,15500,-1,-1,56,-1,-1,-1
bin-2247,1,7050,15500,-1,-1,56,-1,-1,-1
bin-2248,1,7100,15500,-1,-1,56,-1,-1,-1
bin-2249,0,7150,15500,-1,-1,56,-1,-1,-1
bin-2250,0,7200,15500,-1,-1,56,-1,-1,-1
bin-2251,0,7250,15500,-1,-1,56,-1,-1,-1
bin-2252,0,7300,15500,-1,-1,56,-1,-1,-1
bin-2253,0,7350,15500,-1,-1,56,-1,-1,-1
bin-2254,0,5100,15550,-1,-1,56,-1,-1,-1
bin-2255,0,5150,15550,-1,-1,56,-1,-1,-1
bin-2256,0,5200,15550,-1,-1,56,-1,-1,-1
bin-2257,0,5250,15550,-1,-1,56,-1,-1,-1
bin-2258,0,5300,15550,-1,-1,56,-1,-1,-1
bin-2259,0,5350,15550,-1,-1,56,-1,-1,-1
bin-2260,0,5400,15550,-1,-1,56,-1,-1,-1
bin-2261,0,5450,15550,-1,-1,56,-1,-1,-1
bin-2262,0,5500,15550,-1,-1,56,-1,-1,-1
bin-2263,0,5550,15550,-1,-1,56,-1,-1,-1
bin-2264,0,5600,15550,-1,-1,56,-1,-1,-1
bin-2265,0,5650,15550,-1,-1,56,-1,-1,-1
bin-2266,0,5700,15550,-1,-1,56,-1,-1,-1
bin-2267,0,5750,15550,-1,-1,56,-1,-1,-1
bin-2268,0,5800,15550,-1,-1,56,-1,-1,-1
bin-2269,0,5850,15550,-1,-1,56,-1,-1,-1
bin-2270,0,5900,15550,-1,-1,56,-1,-1,-1
bin-2271,1,5950,15550,-1,-1,56,-1,-1,-1
bin-2272,1,6000,15550,-1,-1,56,-1,-1,-1
bin-2273,1,6050,15550,-1,-1,56,-1,-1,-1
bin-2274,1,6100,15550,-1,-1,56,-1,-1,-1
bin-2275,1,6150,15550,-1,-1,56,-1,-1,-1
bin-2276,1,6200,15550,-1,-1,56,-1,-1,-1
bin-2277,1,6250,15550,-1,-1,56,-1,-1,-1
bin-2278,1,6300,15550,-1,-1,56,-1,-1,-1
bin-2279,0,6350,15550,-1,-1,56,-1,-1,-1
bin-2280,0,6400,15550,-1,-1,56,-1,-1,-1
bin-2281,0,6450,15550,-1,-1,56,-1,-1,-1
bin-2282,0,6500,15550,-1,-1,56,-1,-1,-1
bin-2283,0,6550,15550,-1,-1,56,-1,-1,-1
bin-2284,1,6600,15550,-1,-1,56,-1,-1,-1
bin-2285,1,6650,15550,-1,-1,56,-1,-1,-1
bin-2286,1,6700,15550,-1,-1,56,-1,-1,-1
bin-2287,1,6750,15550,-1,-1,56,-1,-1,-1
bin-2288,1,6800,15550,-1,-1,56,-1,-1,-1
bin-2289,1,6850,15550,-1,-1,56,-1,-1,-1
bin-2290,1,6900,15550,-1,-1,56,-1,-1,-1
bin-2291,1,6950,15550,-1,-1,56,-1,-1,-1
bin-2292,1,7000,15550,-1,-1,56,-1,-1,-1
bin-2293,1,7050,15550,-1,-1,56,-1,-1,-1
bin-2294,0,7100,15550,-1,-1,56,-1,-1,-1
bin-2295,0,7150,15550,-1,-1,56,-1,-1,-1
bin-2296,0,7200,15550,-1,-1,56,-1,-1,-1
bin-2297,0,7250,15550,-1,-1,56,-1,-1,-1
bin-2298,0,7300,15550,-1,-1,56,-1,-1,-1
bin-2299,0,7350,15550,-1,-1,56,-1,-1,-1
